id,name,description,price,category,test_min,test_max
1,Спиннинг Shimano Catana DX 240ML 5-20г,Лёгкий и чувствительный спиннинг для микроджига и ловли окуня. Быстрый строй.,6490,Спиннинги,5.0,20.0
2,Спиннинг Lucky John Progress Jig 24 10-30г,Универсальный спиннинг для береговой ловли щуки и судака.,4390,Спиннинги,10.0,30.0
3,Спиннинг Maximus High Energy-X 21L 3-15г,Лайт спиннинг для мелких приманок и осторожного окуня.,3790,Спиннинги,3.0,15.0
4,Спиннинг Волжанка Метеор 270 7-28г,Надёжный бюджетный спиннинг российского производства.,2990,Спиннинги,7.0,28.0
5,Спиннинг Shimano Exage 270 8-28г,Качественный спиннинг среднего класса.,7990,Спиннинги,8.0,28.0
6,Спиннинг Daiwa Ninja Spin 240 10-30г,Хороший спиннинг по доступной цене.,5890,Спиннинги,10.0,30.0
7,Катушка Shimano Stradic FL C3000,Одна из лучших катушек в среднем ценовом сегменте с плавным ходом.,12990,Катушки,,
8,Катушка Daiwa Ninja 2500A,Популярная катушка для лёгкого и среднего спиннинга.,5590,Катушки,,
9,Катушка Ryobi Exia 3000,Надёжная бюджетная катушка с хорошей укладкой лески.,3490,Катушки,,
10,Катушка Okuma Ceymar C-30,Компактная и мощная катушка для ультралайтовой ловли.,4690,Катушки,,
11,Катушка Shimano Twin Power 3000,Флагманская катушка премиум-класса.,18900,Катушки,,
12,Фидер Salmo Sniper Feeder 360 120г,Мощный фидер для дальнего заброса на реке.,5890,Фидеры,0.0,120.0
13,Фидер Волжанка Оптима 390 150г,Классический фидер для любительской ловли.,5190,Фидеры,0.0,150.0
14,Воблер Rapala X-Rap 100,Один из самых популярных воблеров для ловли щуки и судака.,1350,Воблеры,,
15,Воблер Yo-Zuri L-Minnow 66,Компактный воблер с агрессивной игрой.,950,Воблеры,,
16,Воблер Salmo Hornet 5см,"Недорогой, но очень уловистый воблер.",690,Воблеры,,
17,"Силикон Keitech Swing Impact 3.8"" (10 шт)",Очень уловистый виброхвост для щуки и крупного окуня.,1050,Приманки,,
18,"Силикон Mann's Predator 4"" (8 шт)",Классическая силиконовая приманка.,780,Приманки,,
19,Блесна Mepps Aglia №3 золотая,Легендарная вращающаяся блесна.,480,Блесны,,
20,Блесна Blue Fox Vibrax №4,Качественная блесна с сильной вибрацией.,650,Блесны,,
21,Зимний костюм Norfin Discovery,Тёплый мембранный костюм для зимней рыбалки.,16200,Одежда,,
22,Демисезонный костюм Azura Pro,Универсальный костюм для весны и осени.,9200,Одежда,,
23,Подсак телескопический 200см треугольный,Удобный подсак для вываживания крупной рыбы.,2650,Аксессуары,,
24,Рыболовный ящик Plano 1364,Прочный ящик с множеством отсеков.,4150,Аксессуары,,
25,Спиннинг Abu Garcia Vendetta VRC702M 7-28г,Надёжный средне-быстрый спиннинг с качественной фурнитурой.,7590,Спиннинги,7.0,28.0
26,Спиннинг Black Hole NS Matrix 240 5-21г,Лёгкий и сбалансированный спиннинг для джига и воблеров.,5690,Спиннинги,5.0,21.0
27,Спиннинг Zemex Spider Pro 240 10-32г,Универсальный спиннинг с большим тестом для трофейной рыбы.,4890,Спиннинги,10.0,32.0
28,Спиннинг Favorite Blue Bird 270 8-28г,Хороший бюджетный спиннинг для начинающих и опытных рыбаков.,3490,Спиннинги,8.0,28.0
29,Спиннинг Major Craft N-One 180 0.5-5г,Ультралайтовый спиннинг для ловли на микроприманки.,6790,Спиннинги,0.5,5.0
30,Спиннинг Stinger Ultralight 2.13м 1-7г,Ультралайт для окуня и форели с мягкой вершинкой.,2990,Спиннинги,1.0,7.0
31,Спиннинг Maximus Black Widow 23L 4-16г,Яркий и звонкий спиннинг для активного твичинга.,4190,Спиннинги,4.0,16.0
32,Спиннинг Kosadaka Menace 240 15-40г,Мощный спиннинг для больших приманок и крупной щуки.,3390,Спиннинги,15.0,40.0
33,Спиннинг Lucky John Basara 27 10-35г,Спиннинг быстрого строя для джиговой ловли судака.,4690,Спиннинги,10.0,35.0
34,Катушка Daiwa Legalis LT 2500D,Лёгкая и надёжная катушка с технологией Air Rotor.,7590,Катушки,,
35,Катушка Shimano Nasci FB 2500,Выносливая катушка с холоднокованым ротором.,8790,Катушки,,
36,Катушка Abu Garcia Revo X 3000,Мощная и плавная катушка для серьёзных нагрузок.,9990,Катушки,,
37,Катушка Ryobi Virago 1000,Компактная катушка для ультралайта с тонкой настройкой фрикциона.,3790,Катушки,,
38,Катушка Okuma Helios SX 30,Катушка с дисковым тормозом и облегчённым корпусом.,5490,Катушки,,
39,Катушка Favorite X1 2000,Бюджетная модель с хорошей тягой для лёгкого спиннинга.,2890,Катушки,,
40,Катушка Tsurinoya Spirit Fox 2500,Популярная китайская катушка с отличным соотношением цена/качество.,4590,Катушки,,
41,Катушка Spro Zalt M 2500,Универсальная катушка с металлическим корпусом.,6890,Катушки,,
42,Катушка Stinger Power 3000,Бюджетная катушка с хорошей укладкой лески.,2590,Катушки,,
43,Фидер Daiwa Whisker 330 100г,Лёгкий и точный фидер для стоячей воды.,8490,Фидеры,0.0,100.0
44,Фидер Shimano Beastmaster Feeder 360 120г,Премиальный фидер с высокой чувствительностью.,13490,Фидеры,0.0,120.0
45,Фидер Mikado Sensei Feeder 390 150г,Надёжный фидер для реки и озера с быстрым строем.,6190,Фидеры,0.0,150.0
46,Фидер Browning Black Viper 360 140г,Универсальный фидер с запасом мощности.,7790,Фидеры,0.0,140.0
47,Фидер Salmo Sniper Feeder 390 180г,Мощный фидер для дальнего заброса тяжёлых кормушек.,6290,Фидеры,0.0,180.0
48,Воблер Kosadaka Ion 65S,Уловистый составной воблер для твичинга судака.,750,Воблеры,,
49,Воблер ZipBaits Orbit 80 SSR,Дальнобойный воблер с реалистичной игрой.,1450,Воблеры,,
50,Воблер Strike Pro Midge Vibe 5.5см,Маленькая вибрирующая приманка для окуня.,520,Воблеры,,
51,Воблер Jackall Chubby 38F,Крошечный плавающий воблер для форели и окуня.,1100,Воблеры,,
52,Воблер Megabass Vision Oneten,Культовый японский воблер с уникальной игрой.,1850,Воблеры,,
53,Воблер Googan Squad Rattlin' Ned 3.5см,Шумящий воблер для ловли в траве.,820,Воблеры,,
54,Воблер Daiwa Dr. Minnow 50SP,Суспендер с реалистичной формой малька.,1280,Воблеры,,
55,"Виброхвост Relax Twister 4"" (10 шт)",Классический твистер для щуки и окуня.,550,Приманки,,
56,"Твистер Mann's Samba 3"" (8 шт)",Универсальный твистер с яркой игрой.,680,Приманки,,
57,"Силиконовый рак Kosadaka Diesel 3"" (6 шт)","Реалистичный рак для джига, любимое лакомство судака.",520,Приманки,,
58,"Силикон Berkley PowerBait Rib Shad 4"" (5 шт)",Поглощающий запах виброхвост с ребристой поверхностью.,890,Приманки,,
59,"Виброхвост Keitech Easy Shiner 4"" (8 шт)",Мягкий и очень подвижный виброхвост для равномерной проводки.,1150,Приманки,,
60,"Слаг FishUp Dart 3.5"" (8 шт)",Пассивная приманка для ловли пассивного хищника.,490,Приманки,,
61,Поролоновая рыбка 5см (5 шт),Легендарная приманка для ловли судака на джиг.,390,Приманки,,
62,"Силиконовый червь Zoom Trick Worm 6"" (10 шт)",Уловистый червь с большой амплитудой игры.,720,Приманки,,
63,Блесна вращ. Mepps Aglia Long №2 серебро,Дальнобойная вращающаяся блесна с лепестком Aglia.,450,Блесны,,
64,Блесна Daiwa Silver Creek Spinner R 2.5г,Лёгкая блесна с отличной аэродинамикой.,620,Блесны,,
65,Колебалка Salmo Series 4 6.5см 12г,Колеблющаяся блесна для ловли щуки на глубине.,680,Блесны,,
66,Колебалка Abu Garcia Toby 18г,Знаменитая колебалка с широкой игрой.,750,Блесны,,
67,Блесна Blue Fox Matrixx Spinner №3,"Вращалка с сердечником, создающим сильную вибрацию.",580,Блесны,,
68,Блесна вращ. Smith Niakis 9г,Японская вращалка для ловли на быстрой воде.,890,Блесны,,
69,Плетеный шнур Sunline Siglon PE 0.6# 135м,Качественная японская плетёнка с высокой разрывной нагрузкой.,1890,Лески и шнуры,,
70,Шнур плетёный Power Phantom 0.08мм 150м,Четырёхжильный шнур с гладким покрытием.,890,Лески и шнуры,,
71,Леска монофильная Trabucco T-Force 0.25мм 150м,Износостойкий монофил для поводков и оснасток.,490,Лески и шнуры,,
72,Флюорокарбон Sunline Sniper 100м 0.285мм,Невидимый в воде флюорокарбон для ответственных монтажей.,1350,Лески и шнуры,,
73,Леска плетёная YGK BornRush PE 0.8 150м,Очень прочная плетёнка для тяжёлого джига.,2150,Лески и шнуры,,
74,Леска монофильная Owner Broad 0.20мм 100м,Мягкая леска с хорошим узловязанием.,370,Лески и шнуры,,
75,Крючки Owner Mosquito Light №8 (20 шт),Острые лёгкие крючки для поплавочной ловли.,390,Крючки,,
76,Крючки Gamakatsu F-1 508 №10 (15 шт),Тонкие и прочные крючки для мотыля и опарыша.,280,Крючки,,
77,Крючки Mustad 32648 IN №4 (10 шт),Кованые крючки для червя с бородкой.,210,Крючки,,
78,Офсетные крючки VMC 7117 №2/0 (10 шт),Офсетники с широким зевом для крупного силикона.,450,Крючки,,
79,Двойник Owner №6 (10 шт),Прочные двойники для оснащения воблеров и блёсен.,320,Крючки,,
80,Поплавок Colmic Cronos 2г,Спортивный поплавок с высокой чувствительностью.,180,Поплавки,,
81,Поплавок Maver Styl 1.5г,Лёгкий поплавок из бальзы для стоячей воды.,220,Поплавки,,
82,Поплавок Preston Durafloat 2.5г,Плавающий поплавок с отличной видимостью.,160,Поплавки,,
83,Поплавок скользящий 5г универсальный,Скользящий поплавок для дальнего заброса.,140,Поплавки,,
84,Кормушка металлическая 30г (клетка),Классическая флет-кормушка для фидера.,190,Кормушки,,
85,Кормушка пластиковая 40г методная,Методная кормушка для быстрого прикармливания.,230,Кормушки,,
86,Кормушка Feeder basket 20г,Лёгкая корзинка для стартового закорма.,160,Кормушки,,
87,Кормушка Method feeder 30г,Кормушка с плоским дном для стоячей воды.,210,Кормушки,,
88,Прикормка Trapper Лещ-Плотва 1кг,Готовая прикормка с ароматом ванили для леща.,390,Прикормка,,
89,Прикормка Dunaev Premium Фидер 1.5кг,Универсальная фидерная прикормка с крупной фракцией.,470,Прикормка,,
90,Прикормка Sensas 3000 Match 2кг,Французская прикормка для матчевой ловли.,650,Прикормка,,
91,Сапоги болотные Nordman X,Лёгкие и прочные вейдерсы для ходовой рыбалки.,4390,Одежда,,
92,Перчатки Rapala Insulated зимние,Тёплые перчатки с отстёгивающимися пальцами.,1790,Одежда,,
93,Куртка летняя Daiwa Protection,Дышащая куртка с защитой от солнца и насекомых.,5890,Одежда,,
94,Садок резиновый 3м,Вместительный складной садок для сохранения улова.,1650,Аксессуары,,
95,Эхолот Garmin Striker Vivid 4cv,Компактный эхолот с цветным экраном и датчиком.,21900,Аксессуары,,
96,Сумка-холодильник Salmo 20л,Термосумка для сохранения улова и продуктов в жару.,3450,Аксессуары,,
97,Чехол для удилищ двуручный 1.6м,Мягкий чехол с карманами на две рукоятки.,1290,Аксессуары,,
98,Багорик телескопический с пробковой рукояткой,Надёжный багорик для извлечения крупной щуки.,1150,Аксессуары,,
99,Ножницы для лески Victorinox,Острые ножницы из нержавейки с чехлом.,1890,Инструменты,,
100,Плоскогубцы рыболовные с фиксатором,Многофункциональный инструмент для монтажа оснасток.,890,Инструменты,,
101,Спиннинг Graphiteleader Corto GLCCS-682L 2-10г,Высококачественный японский спиннинг для легкого джига.,18900,Спиннинги,2.0,10.0
102,Спиннинг Norstream Areal 240 2-15г,Универсальный спиннинг для береговой ловли с быстрым строем.,8490,Спиннинги,2.0,15.0
103,Спиннинг Maximus Dreamer 27L 3-18г,Дальнобойный спиннинг для микроджига и легких воблеров.,5990,Спиннинги,3.0,18.0
104,Спиннинг Black Hole Bassmania S-240 7-28г,Бюджетный спиннинг для ловли на воблеры и блесны.,3290,Спиннинги,7.0,28.0
105,Спиннинг Zemex Bass Force 240M 10-38г,Мощный спиннинг для трофейной щуки и судака.,5190,Спиннинги,10.0,38.0
106,Спиннинг Major Craft K.G.Lights 23L 1-5г,Ультралайт премиум-класса для ловли форели.,9990,Спиннинги,1.0,5.0
107,Катушка Shimano Ultegra 2500S,"Легкая катушка с холоднокованым ротором, плавный ход.",10990,Катушки,,
108,Катушка Daiwa Freams LT 2500D,Мощная и легкая катушка с технологией MagSealed.,11990,Катушки,,
109,Катушка Abu Garcia Elite Max 30,Надежная катушка с двойным тормозом для больших нагрузок.,8990,Катушки,,
110,Катушка Ryobi Zauber 2000,Компактная катушка для ультралайта с фрикционом точной настройки.,4590,Катушки,,
111,Катушка Okuma RTX-30S,Скоростная катушка с облегченным ротором.,6290,Катушки,,
112,Катушка Favorite White Bird 2000,Бюджетная катушка с хорошей тягой для легких приманок.,2190,Катушки,,
113,Мультипликатор Shimano Curado DC 151,Мультипликаторная катушка с цифровой системой контроля заброса.,22900,Катушки,,
114,Мультипликатор Daiwa Tatula 100H,Популярный мультипликатор с системой T-Wing.,15990,Катушки,,
115,Мультипликатор Abu Garcia Ambassadeur SX 5600,Классический круглый мультипликатор для тяжелого джига.,12490,Катушки,,
116,Мультипликатор Favorite Extractor 7.3:1,Скоростной мультипликатор для твичинга.,8790,Катушки,,
117,Фидер Preston Monster Feeder 390 150г,Профессиональный фидер для ловли крупной рыбы.,12490,Фидеры,0.0,150.0
118,Фидер Shimano Tribal TX-2 360 100г,Универсальный фидер с высокой чувствительностью вершинки.,9490,Фидеры,0.0,100.0
119,Фидер Волжанка Мастер 420 180г,Мощный фидер для дальнего заброса на крупных реках.,6690,Фидеры,0.0,180.0
120,Карповое удилище Fox Horizon XTC 120г,Премиальное карповое удилище с высокой прочностью.,18900,Карповые удилища,0.0,120.0
121,Карповое удилище Shimano Tribal Velocity 130г,Универсальное удилище для карпятника.,11990,Карповые удилища,0.0,130.0
122,Карповое удилище Mikado Carp Spirit 366 150г,Бюджетное карповое удилище с хорошим строем.,5490,Карповые удилища,0.0,150.0
123,Зимняя удочка Salmo Ice Fighter 60см,Легкая удочка для блеснения окуня.,1290,Зимние удочки,,
124,Зимняя удочка Lucky John MGS 55см,Удочка с кивком для ловли на мормышку.,890,Зимние удочки,,
125,Зимняя удочка Stinger Power Ice 70см,Мощная удочка для балансира и крупной щуки.,1590,Зимние удочки,,
126,Воблер OSP Rudra 130SP,Крупный составной воблер для трофейной щуки.,2200,Воблеры,,
127,Воблер Ever Green M-1 Invisible 80,Уловистый воблер-минноу нейтральной плавучести.,1600,Воблеры,,
128,Воблер Pontoon 21 Crackjack 78MR,Дальнобойный воблер с активной игрой.,1100,Воблеры,,
129,Воблер Lucky Craft Pointer 100SP,Классический суспендер для твичинга судака.,1500,Воблеры,,
130,Воблер Rapala Shadow Rap 11см,Плавающий воблер для ловли на мелководье.,1350,Воблеры,,
131,"Силикон Bass Assassin 4"" (10 шт)",Универсальный виброхвост с интенсивной игрой.,690,Приманки,,
132,"Слаг Reins Palpunt 4"" (8 шт)",Имитация малька с пассивной игрой для пассивного хищника.,850,Приманки,,
133,"Силиконовая креатура Geecrack Bellows Gill 3.8"" (6 шт)",Реалистичная имитация лягушки для ловли щуки.,980,Приманки,,
134,Поролоновая рыбка Акелла 6см (5 шт),Судаковая поролонка с отличной плавучестью.,420,Приманки,,
135,"Силикон Kosadaka Revolt 3.5"" (10 шт)",Съедобный силикон с запахом чеснока.,550,Приманки,,
136,Колебалка Kuusamo Professor 3 18г,Финская колебалка с уникальной игрой для щуки.,950,Блесны,,
137,Вертушка Myran Tinsel 12г,Шведская вращалка с красной шерстинкой.,520,Блесны,,
138,Блесна Acme Kastmaster 7г,Универсальная блесна для дальнего заброса.,380,Блесны,,
139,Балансир Rapala Jigging Rap 5см 9г,Уловистый балансир для зимней ловли окуня и судака.,780,Балансиры,,
140,Балансир Lucky John Classic 4см 10г,Балансир с широкой амплитудой игры.,490,Балансиры,,
141,Балансир Scorana Ice Crystal 5см 12г,Балансир с яркой голограммой для привлечения хищника.,650,Балансиры,,
142,Мормышка капля 0.5г вольфрам,Тяжелая мормышка для ловли на глубине.,95,Мормышки,,
143,Мормышка Salmo Diamond Moth 0.3г,Безмотыльная мормышка с бриллиантовой огранкой.,120,Мормышки,,
144,Мормышка Lucky John GLK 0.6г,Крупная мормышка с крючком Owner.,110,Мормышки,,
145,Плетеный шнур Daiwa J-Braid 8x 0.13мм 150м,Восьмижильная плетенка с круглым сечением.,1490,Лески и шнуры,,
146,Флюорокарбон Owner Fluoro 0.235мм 50м,Жесткий флюорокарбон для поводков.,620,Лески и шнуры,,
147,Крючки Kamasan B560 №6 (10 шт),Прочные крючки для фидера и поплавка.,290,Крючки,,
148,Крючки карповые Gardner Mugga 2 (10 шт),Усиленные крючки с тефлоновым покрытием.,420,Крючки,,
149,Крючки Owner 53144 №12 (15 шт),Тонкие крючки для мотыля.,250,Крючки,,
150,Поплавок Drennan Crystal 2г,Прозрачный поплавок с хорошей остойчивостью.,210,Поплавки,,
151,Поплавок Tubertini Minifloat 1г,Миниатюрный поплавок для штекерной ловли.,190,Поплавки,,
152,Кормушка-пуля Preston 20г,Обтекаемая кормушка для дальнего заброса.,175,Кормушки,,
153,Кормушка флэт методная 45г средняя,Методная кормушка с огрузкой.,240,Кормушки,,
154,Прикормка Dynamite Baits Swim Stim Betaine Green 1кг,Английская прикормка с бетаином для карпа.,590,Прикормка,,
155,Прикормка Browning Black Viper 1кг,Универсальная прикормка темного цвета.,420,Прикормка,,
156,Зимний костюм Shimano Kairiki,Теплый костюм с мембраной для суровых условий.,22500,Одежда,,
157,Летние брюки Daiwa Airdrive,Легкие дышащие брюки с защитой от УФ.,4990,Одежда,,
158,Куртка флисовая Norfin Wild,Утепляющий слой для межсезонья.,3890,Одежда,,
159,Вейдерсы водостойкие Rapala Vario 2,Полукомбинезон из неопрена 3 мм.,8990,Одежда,,
160,Садок пластиковый 2.5м,Плавающий садок с мелкой ячеей.,1450,Аксессуары,,
161,Подсак Fox Rage Predator 90см,Подсак с прорезиненной сеткой для хищника.,3890,Аксессуары,,
162,Стойка под удилище Carp Zoom 2 шт.,Регулируемые стойки с сигнализатором.,1790,Аксессуары,,
163,Сигнализатор поклевки Fox Mini Micron,Электронный сигнализатор с регулировкой громкости.,2690,Аксессуары,,
164,Эхолот Lowrance Hook Reveal 5,Эхолот с GPS и картплоттером.,34900,Аксессуары,,
165,Зарядное устройство для аккумуляторов Norfin 12V,Интеллектуальное зарядное устройство.,2190,Аксессуары,,
166,Ящик для снастей Meiho VS-708,Компактный ящик с перегородками.,890,Аксессуары,,
167,Сумка поясная для приманок Flambeau,Удобная сумка с отделениями.,1550,Аксессуары,,
168,Чехол для катушек Daiwa,Защитный неопреновый чехол.,750,Аксессуары,,
169,Экстрактор хирургический 25см,Инструмент для извлечения крючков.,380,Аксессуары,,
170,Грузила каплевидные 10-30г набор,Набор грузил для джига.,490,Аксессуары,,
171,Поводки стальные 15см (10 шт),Надежные поводки для щуки.,320,Аксессуары,,
172,Ножницы для плетенки Cuda,Титановые ножницы с чехлом.,1290,Инструменты,,
173,Щипцы для снятия крючков Fox Rage,Длинные щипцы с фиксатором.,790,Инструменты,,
174,Палатка зимняя Norfin Winter 2-мест.,Быстросборная палатка с утепленным дном.,11500,Палатки,,
175,Палатка летняя Carp Zoom Easy Shelter,Легкая палатка для карпфишинга.,6990,Палатки,,
176,Видеокамера для рыбалки GoFish Cam,Подводная камера для съемки поклевок.,8900,Электроника,,
177,Спиннинг G.Loomis E6X 240 5-15г,Премиальный американский спиннинг с высокой чувствительностью.,27900,Спиннинги,5.0,15.0
178,Катушка Penn Battle III 2500,Мощная катушка для морской и пресноводной ловли.,7990,Катушки,,
179,Воблер Duo Realis Jerkbait 120SP,Составной воблер с размашистой игрой.,1450,Воблеры,,
180,"Силикон Gary Yamamoto Senko 5"" (7 шт)",Знаменитый червь для техасской оснастки.,650,Приманки,,
181,Сумка для удилищ Lucky John 1.5м,Мягкая сумка на два отделения.,1390,Аксессуары,,
182,Застёжка-карабин Owner №1 (10 шт),Надёжные застёжки для быстрой смены приманок.,290,Аксессуары,,
183,Спиннинг Norstream Areal New 270 3-18г,Обновлённая версия популярного спиннинга с быстрым строем.,8990,Спиннинги,3.0,18.0
184,Спиннинг Favorite X1 Ultra 210 1-7г,Ультралайтовый спиннинг для деликатных приманок.,3490,Спиннинги,1.0,7.0
185,Спиннинг Zemex Spider Pro 270 10-32г,Универсальный спиннинг с большим тестом для трофейной рыбы.,5090,Спиннинги,10.0,32.0
186,Спиннинг Black Hole NS Matrix II 240 5-21г,Второе поколение лёгкого и сбалансированного спиннинга.,5890,Спиннинги,5.0,21.0
187,Спиннинг Major Craft Solpara SPS-S240ML 5-20г,Надёжный спиннинг с чувствительным бланком для джига.,7690,Спиннинги,5.0,20.0
188,Спиннинг Stinger Manic 27 10-30г,Бюджетный спиннинг быстрого строя для береговой ловли.,2790,Спиннинги,10.0,30.0
189,Спиннинг Maximus Black Widow 24L 5-18г,Лёгкий и звонкий спиннинг для твичинга и лёгкого джига.,4490,Спиннинги,5.0,18.0
190,Спиннинг Kosadaka Menace 270 15-45г,Мощный спиннинг для крупных приманок и трофейной щуки.,3690,Спиннинги,15.0,45.0
191,Спиннинг Lucky John Progress Jig 27 10-30г,Универсальный спиннинг средне-быстрого строя.,4590,Спиннинги,10.0,30.0
192,Спиннинг Graphiteleader Aspro 210 2-12г,Премиальный лёгкий спиннинг для микроджига и воблеров.,21500,Спиннинги,2.0,12.0
193,Спиннинг Abu Garcia Veritas 240 7-28г,Прочный и лёгкий спиннинг с технологией Powerlux.,8990,Спиннинги,7.0,28.0
194,Катушка Shimano Vanford 2500,Лёгкая и мощная катушка с фрикционом MGL.,15490,Катушки,,
195,Катушка Daiwa Ballistic LT 2500D,Профессиональная катушка с технологией Zaion.,14990,Катушки,,
196,Катушка Abu Garcia Revo Rocket 30,Скоростная катушка (7.6:1) для активной ловли.,10990,Катушки,,
197,Катушка Ryobi Exia MX 3000,Обновлённая версия с улучшенной укладкой лески.,3990,Катушки,,
198,Катушка Okuma Ceymar XT 30,Бюджетная катушка с дисковым тормозом.,4690,Катушки,,
199,Катушка Favorite White Bird 3000,Надёжная бюджетная катушка для средних нагрузок.,2590,Катушки,,
200,Катушка Tsurinoya Spirit Fox 3000,Популярная катушка с отличной тягой для джига.,4890,Катушки,,
201,Катушка Spro Zalt X 2500,Усовершенствованная модель с усиленным механизмом.,7290,Катушки,,
202,Катушка Stinger Power 4000,Бюджетная катушка для тяжёлого джига.,2990,Катушки,,
203,Катушка Mitchell 300 Pro,Современная классика с плавным ходом.,5590,Катушки,,
204,Катушка Penn Battle III 3000,Мощная катушка для морской и пресноводной ловли.,8490,Катушки,,
205,Катушка Shimano Sahara FJ 2500,Обновлённая бюджетная катушка с холоднокованым ротором.,7490,Катушки,,
206,Фидер Salmo Sniper Feeder 420 150г,Мощный фидер для дальнего заброса кормушек до 150г.,6490,Фидеры,0.0,150.0
207,Фидер Волжанка Оптима 420 180г,Удлинённый фидер для ловли на крупных водоёмах.,5690,Фидеры,0.0,180.0
208,Фидер Shimano Beastmaster Feeder 420 140г,Премиальный фидер с идеальной сенсорикой.,14490,Фидеры,0.0,140.0
209,Фидер Daiwa Whisker 390 120г,Лёгкий и точный фидер для стоячей воды.,8990,Фидеры,0.0,120.0
210,Фидер Preston Monster Feeder 420 180г,Профессиональный фидер для трофейной рыбы.,13490,Фидеры,0.0,180.0
211,Фидер Browning Black Viper 390 120г,Универсальный фидер с быстрым строем.,7990,Фидеры,0.0,120.0
212,Карповое удилище Fox Horizon XTC 150г,Премиальное удилище с высокой прочностью.,19900,Карповые удилища,0.0,150.0
213,Карповое удилище Shimano Tribal Velocity 160г,Универсальное удилище для карпятника.,12990,Карповые удилища,0.0,160.0
214,Карповое удилище Mikado Carp Spirit 396 180г,Бюджетное удилище с параболическим строем.,5890,Карповые удилища,0.0,180.0
215,Карповое удилище Daiwa Longbow 360 120г,Лёгкое удилище с отличной бросковостью.,10990,Карповые удилища,0.0,120.0
216,Карповое удилище Sonik SKS 366 150г,Надёжное удилище с высококачественной фурнитурой.,8990,Карповые удилища,0.0,150.0
217,Карповое удилище JRC Contact 360 130г,Проверенное временем карповое удилище.,7490,Карповые удилища,0.0,130.0
218,Зимняя удочка Rapala Ice Pro 60см 2-6г,Лёгкая удочка для блеснения окуня с чувствительным кивком.,1490,Зимние удочки,2.0,6.0
219,Зимняя удочка Lucky John MGS Ice 60см 1-4г,Удочка с кивком для деликатной ловли на мормышку.,990,Зимние удочки,1.0,4.0
220,Зимняя удочка Stinger Power Ice Pro 70см 4-10г,Мощная удочка для балансира и крупной щуки.,1790,Зимние удочки,4.0,10.0
221,Зимняя удочка Salmo Ice Rod 50см 1-5г,Компактная удочка для ловли в палатке.,1190,Зимние удочки,1.0,5.0
222,Зимняя удочка Favorite Frost 55см 2-8г,Универсальная зимняя удочка для блёсен и балансиров.,1390,Зимние удочки,2.0,8.0
223,Воблер ZipBaits Rigge 70S,Тонущий воблер для скоростного твичинга.,1350,Воблеры,,
224,Воблер OSP Varuna 110SP,Суспендер с размашистой игрой для щуки.,2100,Воблеры,,
225,Воблер Ever Green Showerblows 105,Поверхностный воблер для ловли над травой.,1700,Воблеры,,
226,Воблер Pontoon 21 Bet-A 70F,Плавающий воблер с активной игрой для окуня.,900,Воблеры,,
227,Воблер Lucky Craft Flash Pointer 115MR,Дальнобойный суспендер для морских и речных хищников.,1550,Воблеры,,
228,Воблер Rapala BX Minnow 10,Воблер из бальсы с живой игрой для трофейной щуки.,1450,Воблеры,,
229,Воблер Megabass Giant Dog-X,Крупный поппер для зрелищных поклёвок.,1950,Воблеры,,
230,Воблер Jackall Rerange 110,Высокотехнологичный воблер с магнитной системой дальнего заброса.,1800,Воблеры,,
231,Воблер Daiwa Lezard 85SP,Суспендер с реалистичной формой малька.,1350,Воблеры,,
232,Воблер Googan Squad Scout 4.0,Плавающий воблер с шумовой камерой.,980,Воблеры,,
233,"Виброхвост Keitech Fat Swing Impact 4.8"" (10 шт)",Широкое тело и мощная игра для крупного хищника.,1150,Приманки,,
234,"Твистер Relax Twister 3"" (10 шт)",Миниатюрный твистер для окуня и форели.,480,Приманки,,
235,"Слаг Kosadaka Diesel Slug 4"" (8 шт)",Пассивная приманка для ловли пассивного хищника.,510,Приманки,,
236,"Силикон Berkley PowerBait MaxScent Flat Worm 4.25"" (6 шт)","Плоский червь с запахом, привлекающий рыбу.",920,Приманки,,
237,"Виброхвост Bass Assassin Turbo Shad 5"" (8 шт)",Крупный виброхвост с интенсивной игрой.,790,Приманки,,
238,"Силиконовый рак Keitech Sexy Impact 3"" (6 шт)",Реалистичная имитация рака для джига.,880,Приманки,,
239,Поролоновая рыбка Акелла 8см (5 шт),Крупная поролонка для трофейного судака.,460,Приманки,,
240,"Силиконовая креатура Geecrack Bellows Gill 4.8"" (6 шт)",Увеличенная имитация лягушки для летней ловли.,1050,Приманки,,
241,Колебалка Atom 15г,Легендарная советская колебалка с широкой игрой.,420,Блесны,,
242,Вертушка Mepps Aglia Long №3 медь,Дальнобойная вращалка с медным лепестком.,470,Блесны,,
243,Колебалка Abu Garcia Pike 25г,Тяжёлая колебалка для глубинной ловли щуки.,820,Блесны,,
244,Блесна Acme Little Cleo 10г,Универсальная колебалка для форели и окуня.,410,Блесны,,
245,Балансир Nils Master Jigging Shad 5см 12г,Финский балансир с объёмной игрой.,850,Балансиры,,
246,Балансир Striker Turbo 4см 10г,Компактный балансир для окуня.,520,Балансиры,,
247,Мормышка диск 0.4г вольфрам,Плоская мормышка для безмотыльной ловли.,100,Мормышки,,
248,Плетеный шнур Shimano Kairiki 8 0.10мм 150м,Восьмижильная плетёнка с высокой абразивостойкостью.,1690,Лески и шнуры,,
249,Леска монофильная Daiwa Sensor 0.22мм 150м,Прозрачная монофильная леска с отличной прочностью.,450,Лески и шнуры,,
250,Флюорокарбон Sunline Sniper BMS 0.26мм 50м,Мягкий и невидимый в воде флюорокарбон.,720,Лески и шнуры,,
251,Шнур плетёный Varivas High Grade PE 0.8 150м,Японская плетёнка премиум-класса с круглым сечением.,2390,Лески и шнуры,,
252,Леска монофильная Trabucco Strong 0.30мм 150м,Усиленная монофильная леска для карповой ловли.,520,Лески и шнуры,,
253,Крючки Owner 50922 №8 (15 шт),Тонкие крючки для поплавочной ловли.,350,Крючки,,
254,Крючки Gamakatsu LS-5313N №5 (10 шт),Универсальные крючки с лопаткой для насаживания червя.,270,Крючки,,
255,Крючки Mustad Ultra Point 32608 №2 (10 шт),Кованые крючки с супер-острым жалом.,230,Крючки,,
256,Офсетные крючки VMC 7119 №3/0 (10 шт),Широкие офсетники для объёмных силиконовых приманок.,470,Крючки,,
257,Крючки карповые Korda Wide Gape 4 (10 шт),Популярные крючки для волосяной оснастки.,390,Крючки,,
258,Поплавок Drennan Crystal 3г,Прозрачный поплавок для осторожной рыбы.,240,Поплавки,,
259,Поплавок Maver Styl 2г,Лёгкий бальзовый поплавок для матчевой ловли.,250,Поплавки,,
260,Поплавок Preston Durafloat 3г,Плавающий поплавок с отличной видимостью.,180,Поплавки,,
261,Поплавок Colmic Cronos 3г,Спортивный поплавок с высокой чувствительностью.,200,Поплавки,,
262,Поплавок скользящий 8г,Скользящий поплавок для дальнего заброса.,150,Поплавки,,
263,Кормушка металлическая 50г (клетка),Тяжёлая флет-кормушка для сильного течения.,220,Кормушки,,
264,Кормушка методная 60г,Крупная кормушка для быстрого закорма.,260,Кормушки,,
265,Кормушка флэт 30г,Плоская кормушка для стоячей воды.,185,Кормушки,,
266,Кормушка-пуля Preston 30г,Обтекаемая кормушка для точного заброса.,195,Кормушки,,
267,Кормушка Feeder basket 40г,Универсальная корзинка для стартового закорма.,170,Кормушки,,
268,Прикормка Sensas 3000 Carp 2кг,Французская прикормка для карпа с крупными фракциями.,690,Прикормка,,
269,Прикормка Dunaev Premium Универсал 1.5кг,Сбалансированная прикормка для разной рыбы.,490,Прикормка,,
270,Прикормка Trapper Карась 1кг,Ароматная прикормка с запахом аниса для карася.,370,Прикормка,,
271,Зимний костюм Shimano Kairiki Pro,Усиленный мембранный костюм для экстремальных условий.,24500,Одежда,,
272,Летний костюм Norfin Air,Максимально дышащий костюм для жары.,10900,Одежда,,
273,Демисезонный костюм Daiwa Airdrive,Лёгкий непродуваемый костюм для весны и осени.,9900,Одежда,,
274,Куртка зимняя Rapala Max,Тёплая куртка с утеплителем Thinsulate.,13900,Одежда,,
275,Перчатки флисовые Norfin,Мягкие перчатки для прохладной погоды.,990,Одежда,,
276,Шапка зимняя Lucky John,Тёплая шапка с флисовой подкладкой.,790,Одежда,,
277,Ботинки зимние EVA Nordman Pro,Лёгкие и тёплые ботинки для зимней рыбалки.,4990,Одежда,,
278,Сапоги болотные Norfin Hike,Высокие сапоги с усиленной подошвой.,4590,Одежда,,
279,Жилет спасательный автоматический,Надувной жилет с ручным и автоматическим срабатыванием.,6990,Одежда,,
280,Костюм поплавковый Fox,Лёгкий водоотталкивающий костюм для лета.,11900,Одежда,,
281,Ящик для снастей Plano 7771,Вместительный ящик с водонепроницаемым уплотнителем.,5590,Аксессуары,,
282,Сумка-холодильник Salmo 30л,Увеличенная термосумка для крупного улова.,4450,Аксессуары,,
283,Подсак телескопический 250см,Удлинённый подсак для ловли с обрывистого берега.,3190,Аксессуары,,
284,Стойки под удилище Daiwa,Устойчивые треноги с резьбовым креплением.,2190,Аксессуары,,
285,Сигнализатор поклевки Delkim TXi,Премиальный сигнализатор с вибро- и звуковой индикацией.,3590,Аксессуары,,
286,Эхолот Garmin EchoMAP UHD 73sv,Эхолот с картплоттером и ультрачётким дисплеем.,56900,Аксессуары,,
287,Зарядное устройство для LiFePO4 аккумуляторов 12В,Интеллектуальное ЗУ для современных литиевых батарей.,2790,Аксессуары,,
288,Экстрактор пластиковый 20см,Лёгкий экстрактор для извлечения крючков у некрупной рыбы.,290,Аксессуары,,
289,Грузила джиг-головки набор,Набор джиг-головок разного веса с крючком.,590,Аксессуары,,
290,Поводки стальные 20см (10 шт),Удлинённые поводки для крупной щуки.,360,Аксессуары,,
291,Чехол для удилищ жёсткий 1.5м,Жёсткий тубус для безопасной перевозки спиннингов.,2190,Аксессуары,,
292,Ножницы для лески Fiskars,Острые ножницы с возвратной пружиной.,1490,Аксессуары,,
293,Мультитул Leatherman Wave+,Многофункциональный инструмент премиум-класса.,11900,Инструменты,,
294,Плоскогубцы рыболовные с бокорезами Rapala,Универсальный инструмент для монтажа и резки лески.,1190,Инструменты,,
295,Ножницы для плетенки Gerber Magnum,Мощные ножницы с титановым покрытием.,1590,Инструменты,,
296,Щипцы для снятия крючков Daiwa,Длинные щипцы с изогнутыми губками.,890,Инструменты,,
297,Зажим для лески,Компактный зажим для фиксации лески на шпуле.,220,Инструменты,,
298,Палатка зимняя Tramp Ice,Утеплённая палатка-автомат с быстрой сборкой.,12500,Палатки,,
299,Палатка летняя QuickFish 2,Лёгкая одноместная палатка для карпфишинга.,5490,Палатки,,
300,Спальный мешок Norfin Comfort -10,Тёплый спальник с капюшоном для весны и осени.,4990,Палатки,,
301,Кресло карповое Carp Zoom,Удобное складное кресло с регулируемыми ножками.,3490,Палатки,,
302,Стол складной алюминиевый,Лёгкий стол для приготовления прикормки.,2390,Палатки,,
303,Спиннинг Favorite Pro 300см 2-17г S-0303,"Спиннинг Favorite серии Pro длиной 300 см, тест 2-17 г. Подходит для активной ловли хищника.",7070,Спиннинги,2.0,17.0
304,Катушка Lucky John Master 4000 R-0304,Катушка Lucky John Master размера 4000 с плавным ходом и надёжным фрикционом.,15620,Катушки,,
305,Фидер Abu Garcia Feeder 300 40г F-0305,Фидерное удилище Abu Garcia длиной 300 см с тестом до 40 г для дальнего заброса.,7080,Фидеры,0.0,40.0
306,Карповое удилище Browning Carp 330 180г C-0306,"Карповое удилище Browning длиной 330 см, тест до 180 г.",11020,Карповые удилища,0.0,180.0
307,Зимняя удочка Blue Fox Ice 50см 2-10г I-0307,Зимняя удочка Blue Fox длиной 50 см для блеснения и ловли на мормышку.,1260,Зимние удочки,2.0,10.0
308,Воблер Shimano 5.0см золото L-0308,"Воблер Shimano длиной 5.0 см, цвет золото. Уловистая приманка для хищной рыбы.",2010,Воблеры,,
309,Силикон Mustad 7.0см синий L-0309,"Силикон Mustad длиной 7.0 см, цвет синий. Уловистая приманка для хищной рыбы.",1160,Приманки,,
310,Блесна Mustad 4.5см чёрный L-0310,"Блесна Mustad длиной 4.5 см, цвет чёрный. Уловистая приманка для хищной рыбы.",1840,Блесны,,
311,Балансир Lucky John 8.0см натуральный L-0311,"Балансир Lucky John длиной 8.0 см, цвет натуральный. Уловистая приманка для хищной рыбы.",1690,Балансиры,,
312,Мормышка Preston 3.5см золото L-0312,"Мормышка Preston длиной 3.5 см, цвет золото. Уловистая приманка для хищной рыбы.",2160,Мормышки,,
313,Леска/шнур Favorite 0.34мм 200м N-0313,"Рыболовная леска или шнур Favorite, диаметр 0.34 мм, длина 200 м.",640,Лески и шнуры,,
314,Крючки Kamasan №12 (20 шт) H-0314,"Крючки Kamasan номер 12, упаковка 20 шт. Острые и прочные.",470,Крючки,,
315,Поплавок Mann's 2.0г P-0315,Поплавок Mann's грузоподъёмностью 2.0 г для поплавочной ловли.,160,Поплавки,,
316,Кормушка пластиковая 5г B-0316,Кормушка пластиковая весом 5 г для фидерной ловли.,290,Кормушки,,
317,Прикормка Norfin карп 1кг M-0317,"Прикормка Norfin для ловли карп, фасовка 1 кг.",670,Прикормка,,
318,Демисезонный перчатки Maver L CL-0318,"Демисезонный перчатки Maver, размер L. Комфорт и защита на рыбалке.",6120,Одежда,,
319,Стойка Mann's A-0319,Рыболовный аксессуар: стойка Mann's для удобства и эффективной ловли.,13980,Аксессуары,,
320,Зажим Maver T-0320,Рыболовный инструмент: зажим Maver для монтажа и обслуживания снастей.,11420,Инструменты,,
321,Всесезонная тент Salmo TP-0321,Всесезонная тент Salmo для комфортного отдыха на рыбалке.,4600,Палатки,,
322,Камера Lucky E-0322,Электроника для рыбалки: камера Lucky с современными функциями.,12610,Электроника,,
323,Спиннинг Megabass Hunter 300см 10-40г S-0324,"Спиннинг Megabass серии Hunter длиной 300 см, тест 10-40 г. Подходит для активной ловли хищника.",9700,Спиннинги,10.0,40.0
324,Катушка Gamakatsu Expert 2000 R-0325,Катушка Gamakatsu Expert размера 2000 с плавным ходом и надёжным фрикционом.,2850,Катушки,,
325,Фидер Gamakatsu Feeder 390 80г F-0326,Фидерное удилище Gamakatsu длиной 390 см с тестом до 80 г для дальнего заброса.,4580,Фидеры,0.0,80.0
326,Карповое удилище Mikado Carp 390 120г C-0327,"Карповое удилище Mikado длиной 390 см, тест до 120 г.",20860,Карповые удилища,0.0,120.0
327,Зимняя удочка Mepps Ice 70см 2-5г I-0328,Зимняя удочка Mepps длиной 70 см для блеснения и ловли на мормышку.,1230,Зимние удочки,2.0,5.0
328,Воблер Kosadaka 6.5см золото L-0329,"Воблер Kosadaka длиной 6.5 см, цвет золото. Уловистая приманка для хищной рыбы.",2580,Воблеры,,
329,Силикон Preston 12.0см красный L-0330,"Силикон Preston длиной 12.0 см, цвет красный. Уловистая приманка для хищной рыбы.",2670,Приманки,,
330,Блесна Mepps 8.0см синий L-0331,"Блесна Mepps длиной 8.0 см, цвет синий. Уловистая приманка для хищной рыбы.",850,Блесны,,
331,Балансир Tsurinoya 10.0см чёрный L-0332,"Балансир Tsurinoya длиной 10.0 см, цвет чёрный. Уловистая приманка для хищной рыбы.",470,Балансиры,,
332,Мормышка Favorite 5.0см золото L-0333,"Мормышка Favorite длиной 5.0 см, цвет золото. Уловистая приманка для хищной рыбы.",940,Мормышки,,
333,Леска/шнур Pontoon21 0.24мм 200м N-0334,"Рыболовная леска или шнур Pontoon21, диаметр 0.24 мм, длина 200 м.",1880,Лески и шнуры,,
334,Крючки Kamasan №1/0 (20 шт) H-0335,"Крючки Kamasan номер 1/0, упаковка 20 шт. Острые и прочные.",280,Крючки,,
335,Поплавок Shimano 1.0г P-0336,Поплавок Shimano грузоподъёмностью 1.0 г для поплавочной ловли.,390,Поплавки,,
336,Кормушка методная 15г B-0337,Кормушка методная весом 15 г для фидерной ловли.,200,Кормушки,,
337,Прикормка Trabucco карась 1.5кг M-0338,"Прикормка Trabucco для ловли карась, фасовка 1.5 кг.",740,Прикормка,,
338,Демисезонный сапоги Shimano L CL-0339,"Демисезонный сапоги Shimano, размер L. Комфорт и защита на рыбалке.",17190,Одежда,,
339,Зажим Stinger A-0340,Рыболовный аксессуар: зажим Stinger для удобства и эффективной ловли.,7220,Аксессуары,,
340,Зажим Owner T-0341,Рыболовный инструмент: зажим Owner для монтажа и обслуживания снастей.,8540,Инструменты,,
341,Летняя спальник Volzhanka TP-0342,Летняя спальник Volzhanka для комфортного отдыха на рыбалке.,14290,Палатки,,
342,Эхолот Lowrance E-0343,Электроника для рыбалки: эхолот Lowrance с современными функциями.,41150,Электроника,,
343,Спиннинг Gamakatsu Trophy 180см 1-21г S-0345,"Спиннинг Gamakatsu серии Trophy длиной 180 см, тест 1-21 г. Подходит для активной ловли хищника.",31290,Спиннинги,1.0,21.0
344,Катушка Owner Light 1000 R-0346,Катушка Owner Light размера 1000 с плавным ходом и надёжным фрикционом.,9690,Катушки,,
345,Фидер Norfin Feeder 300 150г F-0347,Фидерное удилище Norfin длиной 300 см с тестом до 150 г для дальнего заброса.,16870,Фидеры,0.0,150.0
346,Карповое удилище Salmo Carp 360 120г C-0348,"Карповое удилище Salmo длиной 360 см, тест до 120 г.",20070,Карповые удилища,0.0,120.0
347,Зимняя удочка Maximus Ice 55см 4-10г I-0349,Зимняя удочка Maximus длиной 55 см для блеснения и ловли на мормышку.,1560,Зимние удочки,4.0,10.0
348,Воблер Mikado 11.0см натуральный L-0350,"Воблер Mikado длиной 11.0 см, цвет натуральный. Уловистая приманка для хищной рыбы.",1100,Воблеры,,
349,Силикон Owner 9.0см золото L-0351,"Силикон Owner длиной 9.0 см, цвет золото. Уловистая приманка для хищной рыбы.",1810,Приманки,,
350,Блесна Jackall 11.0см красный L-0352,"Блесна Jackall длиной 11.0 см, цвет красный. Уловистая приманка для хищной рыбы.",780,Блесны,,
351,Балансир Fox 6.5см чёрный L-0353,"Балансир Fox длиной 6.5 см, цвет чёрный. Уловистая приманка для хищной рыбы.",1660,Балансиры,,
352,Мормышка Daiwa 12.0см серебро L-0354,"Мормышка Daiwa длиной 12.0 см, цвет серебро. Уловистая приманка для хищной рыбы.",1220,Мормышки,,
353,Леска/шнур Browning 0.08мм 100м N-0355,"Рыболовная леска или шнур Browning, диаметр 0.08 мм, длина 100 м.",1260,Лески и шнуры,,
354,Крючки Owner №4 (15 шт) H-0356,"Крючки Owner номер 4, упаковка 15 шт. Острые и прочные.",190,Крючки,,
355,Поплавок Tsurinoya 2.0г P-0357,Поплавок Tsurinoya грузоподъёмностью 2.0 г для поплавочной ловли.,260,Поплавки,,
356,Кормушка пластиковая 25г B-0358,Кормушка пластиковая весом 25 г для фидерной ловли.,420,Кормушки,,
357,Прикормка Kosadaka фидер 2.5кг M-0359,"Прикормка Kosadaka для ловли фидер, фасовка 2.5 кг.",530,Прикормка,,
358,Летний жилет Okuma M CL-0360,"Летний жилет Okuma, размер M. Комфорт и защита на рыбалке.",3880,Одежда,,
359,Грузила Lucky John A-0361,Рыболовный аксессуар: грузила Lucky John для удобства и эффективной ловли.,28500,Аксессуары,,
360,Экстрактор Keitech T-0362,Рыболовный инструмент: экстрактор Keitech для монтажа и обслуживания снастей.,6960,Инструменты,,
361,Всесезонная палатка Megabass TP-0363,Всесезонная палатка Megabass для комфортного отдыха на рыбалке.,12510,Палатки,,
362,Эхолот Norfin E-0364,Электроника для рыбалки: эхолот Norfin с современными функциями.,5870,Электроника,,
363,Спиннинг Mepps Force 210см 2-17г S-0366,"Спиннинг Mepps серии Force длиной 210 см, тест 2-17 г. Подходит для активной ловли хищника.",8730,Спиннинги,2.0,17.0
364,Катушка Jackall Classic 3000 R-0367,Катушка Jackall Classic размера 3000 с плавным ходом и надёжным фрикционом.,7810,Катушки,,
365,Фидер Maver Feeder 390 60г F-0368,Фидерное удилище Maver длиной 390 см с тестом до 60 г для дальнего заброса.,17830,Фидеры,0.0,60.0
366,Карповое удилище Salmo Carp 396 180г C-0369,"Карповое удилище Salmo длиной 396 см, тест до 180 г.",7710,Карповые удилища,0.0,180.0
367,Зимняя удочка Rapala Ice 70см 4-5г I-0370,Зимняя удочка Rapala длиной 70 см для блеснения и ловли на мормышку.,880,Зимние удочки,4.0,5.0
368,Воблер Fox 5.0см красный L-0371,"Воблер Fox длиной 5.0 см, цвет красный. Уловистая приманка для хищной рыбы.",2270,Воблеры,,
369,Силикон Okuma 6.5см натуральный L-0372,"Силикон Okuma длиной 6.5 см, цвет натуральный. Уловистая приманка для хищной рыбы.",1920,Приманки,,
370,Блесна Rapala 5.0см красный L-0373,"Блесна Rapala длиной 5.0 см, цвет красный. Уловистая приманка для хищной рыбы.",290,Блесны,,
371,Балансир Berkley 7.0см натуральный L-0374,"Балансир Berkley длиной 7.0 см, цвет натуральный. Уловистая приманка для хищной рыбы.",2140,Балансиры,,
372,Мормышка Trabucco 9.0см золото L-0375,"Мормышка Trabucco длиной 9.0 см, цвет золото. Уловистая приманка для хищной рыбы.",2560,Мормышки,,
373,Леска/шнур Ryobi 0.12мм 150м N-0376,"Рыболовная леска или шнур Ryobi, диаметр 0.12 мм, длина 150 м.",1210,Лески и шнуры,,
374,Крючки Owner №4 (20 шт) H-0377,"Крючки Owner номер 4, упаковка 20 шт. Острые и прочные.",310,Крючки,,
375,Поплавок Rapala 0.5г P-0378,Поплавок Rapala грузоподъёмностью 0.5 г для поплавочной ловли.,420,Поплавки,,
376,Кормушка пластиковая 25г B-0379,Кормушка пластиковая весом 25 г для фидерной ловли.,170,Кормушки,,
377,Прикормка Tsurinoya лещ 1.5кг M-0380,"Прикормка Tsurinoya для ловли лещ, фасовка 1.5 кг.",350,Прикормка,,
378,Зимний сапоги Salmo XL CL-0381,"Зимний сапоги Salmo, размер XL. Комфорт и защита на рыбалке.",4720,Одежда,,
379,Поводки Fox A-0382,Рыболовный аксессуар: поводки Fox для удобства и эффективной ловли.,2850,Аксессуары,,
380,Экстрактор Norfin T-0383,Рыболовный инструмент: экстрактор Norfin для монтажа и обслуживания снастей.,10990,Инструменты,,
381,Летняя кресло Graphiteleader TP-0384,Летняя кресло Graphiteleader для комфортного отдыха на рыбалке.,5150,Палатки,,
382,Gps-навигатор Norfin E-0385,Электроника для рыбалки: GPS-навигатор Norfin с современными функциями.,17540,Электроника,,
383,Спиннинг Preston Hunter 240см 10-30г S-0387,"Спиннинг Preston серии Hunter длиной 240 см, тест 10-30 г. Подходит для активной ловли хищника.",17480,Спиннинги,10.0,30.0
384,Катушка Gamakatsu Master 1000 R-0388,Катушка Gamakatsu Master размера 1000 с плавным ходом и надёжным фрикционом.,16820,Катушки,,
385,Фидер Lucky John Feeder 300 180г F-0389,Фидерное удилище Lucky John длиной 300 см с тестом до 180 г для дальнего заброса.,6990,Фидеры,0.0,180.0
386,Карповое удилище Tsurinoya Carp 390 120г C-0390,"Карповое удилище Tsurinoya длиной 390 см, тест до 120 г.",15940,Карповые удилища,0.0,120.0
387,Зимняя удочка Salmo Ice 50см 2-8г I-0391,Зимняя удочка Salmo длиной 50 см для блеснения и ловли на мормышку.,1010,Зимние удочки,2.0,8.0
388,Воблер Jackall 11.0см золото L-0392,"Воблер Jackall длиной 11.0 см, цвет золото. Уловистая приманка для хищной рыбы.",1520,Воблеры,,
389,Силикон Graphiteleader 3.5см золото L-0393,"Силикон Graphiteleader длиной 3.5 см, цвет золото. Уловистая приманка для хищной рыбы.",2550,Приманки,,
390,Блесна Owner 4.5см синий L-0394,"Блесна Owner длиной 4.5 см, цвет синий. Уловистая приманка для хищной рыбы.",1360,Блесны,,
391,Балансир Favorite 4.5см золото L-0395,"Балансир Favorite длиной 4.5 см, цвет золото. Уловистая приманка для хищной рыбы.",2550,Балансиры,,
392,Мормышка Zemex 7.0см зелёный L-0396,"Мормышка Zemex длиной 7.0 см, цвет зелёный. Уловистая приманка для хищной рыбы.",2760,Мормышки,,
393,Леска/шнур Mikado 0.27мм 135м N-0397,"Рыболовная леска или шнур Mikado, диаметр 0.27 мм, длина 135 м.",3140,Лески и шнуры,,
394,Крючки Mustad №1/0 (15 шт) H-0398,"Крючки Mustad номер 1/0, упаковка 15 шт. Острые и прочные.",610,Крючки,,
395,Поплавок Rapala 1.0г P-0399,Поплавок Rapala грузоподъёмностью 1.0 г для поплавочной ловли.,340,Поплавки,,
396,Кормушка металлическая 15г B-0400,Кормушка металлическая весом 15 г для фидерной ловли.,140,Кормушки,,
397,Прикормка Mustad карп 2кг M-0401,"Прикормка Mustad для ловли карп, фасовка 2 кг.",440,Прикормка,,
398,Демисезонный шапка Jackall XL CL-0402,"Демисезонный шапка Jackall, размер XL. Комфорт и защита на рыбалке.",19170,Одежда,,
399,Садок Shimano A-0403,Рыболовный аксессуар: садок Shimano для удобства и эффективной ловли.,5180,Аксессуары,,
400,Мультитул Zemex T-0404,Рыболовный инструмент: мультитул Zemex для монтажа и обслуживания снастей.,810,Инструменты,,
401,Всесезонная тент Mann's TP-0405,Всесезонная тент Mann's для комфортного отдыха на рыбалке.,4230,Палатки,,
402,Камера Deeper E-0406,Электроника для рыбалки: камера Deeper с современными функциями.,4640,Электроника,,
403,Спиннинг Owner Strike 180см 3-18г S-0408,"Спиннинг Owner серии Strike длиной 180 см, тест 3-18 г. Подходит для активной ловли хищника.",24850,Спиннинги,3.0,18.0
404,Катушка Fox Sport 2500 R-0409,Катушка Fox Sport размера 2500 с плавным ходом и надёжным фрикционом.,27360,Катушки,,
405,Фидер Blue Fox Feeder 420 50г F-0410,Фидерное удилище Blue Fox длиной 420 см с тестом до 50 г для дальнего заброса.,7380,Фидеры,0.0,50.0
406,Карповое удилище Maximus Carp 360 150г C-0411,"Карповое удилище Maximus длиной 360 см, тест до 150 г.",5310,Карповые удилища,0.0,150.0
407,Зимняя удочка Stinger Ice 70см 2-8г I-0412,Зимняя удочка Stinger длиной 70 см для блеснения и ловли на мормышку.,2330,Зимние удочки,2.0,8.0
408,Воблер Fox 7.0см синий L-0413,"Воблер Fox длиной 7.0 см, цвет синий. Уловистая приманка для хищной рыбы.",720,Воблеры,,
409,Силикон Berkley 3.5см натуральный L-0414,"Силикон Berkley длиной 3.5 см, цвет натуральный. Уловистая приманка для хищной рыбы.",2210,Приманки,,
410,Блесна Browning 6.5см натуральный L-0415,"Блесна Browning длиной 6.5 см, цвет натуральный. Уловистая приманка для хищной рыбы.",2160,Блесны,,
411,Балансир Keitech 7.0см натуральный L-0416,"Балансир Keitech длиной 7.0 см, цвет натуральный. Уловистая приманка для хищной рыбы.",1210,Балансиры,,
412,Мормышка Browning 3.5см золото L-0417,"Мормышка Browning длиной 3.5 см, цвет золото. Уловистая приманка для хищной рыбы.",1070,Мормышки,,
413,Леска/шнур Mepps 0.17мм 100м N-0418,"Рыболовная леска или шнур Mepps, диаметр 0.17 мм, длина 100 м.",1460,Лески и шнуры,,
414,Крючки Mustad №1 (20 шт) H-0419,"Крючки Mustad номер 1, упаковка 20 шт. Острые и прочные.",580,Крючки,,
415,Поплавок Mustad 0.5г P-0420,Поплавок Mustad грузоподъёмностью 0.5 г для поплавочной ловли.,180,Поплавки,,
416,Кормушка пластиковая 15г B-0421,Кормушка пластиковая весом 15 г для фидерной ловли.,280,Кормушки,,
417,Прикормка Abu Garcia лещ 2.5кг M-0422,"Прикормка Abu Garcia для ловли лещ, фасовка 2.5 кг.",630,Прикормка,,
418,Демисезонный перчатки Gamakatsu 2XL CL-0423,"Демисезонный перчатки Gamakatsu, размер 2XL. Комфорт и защита на рыбалке.",4580,Одежда,,
419,Поводки Berkley A-0424,Рыболовный аксессуар: поводки Berkley для удобства и эффективной ловли.,12710,Аксессуары,,
420,Ножницы Preston T-0425,Рыболовный инструмент: ножницы Preston для монтажа и обслуживания снастей.,11830,Инструменты,,
421,Всесезонная палатка Pontoon21 TP-0426,Всесезонная палатка Pontoon21 для комфортного отдыха на рыбалке.,15010,Палатки,,
422,Камера Lucky E-0427,Электроника для рыбалки: камера Lucky с современными функциями.,25770,Электроника,,
423,Спиннинг Pontoon21 Master 330см 7-27г S-0429,"Спиннинг Pontoon21 серии Master длиной 330 см, тест 7-27 г. Подходит для активной ловли хищника.",24240,Спиннинги,7.0,27.0
424,Катушка Favorite Prime 4000 R-0430,Катушка Favorite Prime размера 4000 с плавным ходом и надёжным фрикционом.,11930,Катушки,,
425,Фидер Blue Fox Feeder 360 120г F-0431,Фидерное удилище Blue Fox длиной 360 см с тестом до 120 г для дальнего заброса.,14920,Фидеры,0.0,120.0
426,Карповое удилище Trabucco Carp 360 120г C-0432,"Карповое удилище Trabucco длиной 360 см, тест до 120 г.",18280,Карповые удилища,0.0,120.0
427,Зимняя удочка Berkley Ice 70см 4-5г I-0433,Зимняя удочка Berkley длиной 70 см для блеснения и ловли на мормышку.,1950,Зимние удочки,4.0,5.0
428,Воблер Owner 9.0см серебро L-0434,"Воблер Owner длиной 9.0 см, цвет серебро. Уловистая приманка для хищной рыбы.",280,Воблеры,,
429,Силикон Owner 7.0см синий L-0435,"Силикон Owner длиной 7.0 см, цвет синий. Уловистая приманка для хищной рыбы.",2040,Приманки,,
430,Блесна Gamakatsu 10.0см красный L-0436,"Блесна Gamakatsu длиной 10.0 см, цвет красный. Уловистая приманка для хищной рыбы.",2090,Блесны,,
431,Балансир Mikado 11.0см красный L-0437,"Балансир Mikado длиной 11.0 см, цвет красный. Уловистая приманка для хищной рыбы.",980,Балансиры,,
432,Мормышка Norfin 7.0см серебро L-0438,"Мормышка Norfin длиной 7.0 см, цвет серебро. Уловистая приманка для хищной рыбы.",1650,Мормышки,,
433,Леска/шнур Norfin 0.3мм 135м N-0439,"Рыболовная леска или шнур Norfin, диаметр 0.3 мм, длина 135 м.",3080,Лески и шнуры,,
434,Крючки Mustad №10 (10 шт) H-0440,"Крючки Mustad номер 10, упаковка 10 шт. Острые и прочные.",220,Крючки,,
435,Поплавок Daiwa 0.5г P-0441,Поплавок Daiwa грузоподъёмностью 0.5 г для поплавочной ловли.,240,Поплавки,,
436,Кормушка металлическая 25г B-0442,Кормушка металлическая весом 25 г для фидерной ловли.,370,Кормушки,,
437,Прикормка Blue Fox фидер 1.5кг M-0443,"Прикормка Blue Fox для ловли фидер, фасовка 1.5 кг.",670,Прикормка,,
438,Зимний перчатки Ryobi M CL-0444,"Зимний перчатки Ryobi, размер M. Комфорт и защита на рыбалке.",22290,Одежда,,
439,Органайзер Shimano A-0445,Рыболовный аксессуар: органайзер Shimano для удобства и эффективной ловли.,7240,Аксессуары,,
440,Плоскогубцы Pontoon21 T-0446,Рыболовный инструмент: плоскогубцы Pontoon21 для монтажа и обслуживания снастей.,3100,Инструменты,,
441,Зимняя стол Graphiteleader TP-0447,Зимняя стол Graphiteleader для комфортного отдыха на рыбалке.,10930,Палатки,,
442,Эхолот Lowrance E-0448,Электроника для рыбалки: эхолот Lowrance с современными функциями.,31810,Электроника,,
443,Спиннинг Kosadaka Lake 420см 7-37г S-0450,"Спиннинг Kosadaka серии Lake длиной 420 см, тест 7-37 г. Подходит для активной ловли хищника.",12900,Спиннинги,7.0,37.0
444,Катушка Jackall River 6000 R-0451,Катушка Jackall River размера 6000 с плавным ходом и надёжным фрикционом.,19750,Катушки,,
445,Фидер Jackall Feeder 330 150г F-0452,Фидерное удилище Jackall длиной 330 см с тестом до 150 г для дальнего заброса.,10870,Фидеры,0.0,150.0
446,Карповое удилище Preston Carp 360 130г C-0453,"Карповое удилище Preston длиной 360 см, тест до 130 г.",21580,Карповые удилища,0.0,130.0
447,Зимняя удочка Ryobi Ice 70см 1-8г I-0454,Зимняя удочка Ryobi длиной 70 см для блеснения и ловли на мормышку.,1590,Зимние удочки,1.0,8.0
448,Воблер Salmo 7.0см синий L-0455,"Воблер Salmo длиной 7.0 см, цвет синий. Уловистая приманка для хищной рыбы.",1390,Воблеры,,
449,Силикон Mustad 8.0см серебро L-0456,"Силикон Mustad длиной 8.0 см, цвет серебро. Уловистая приманка для хищной рыбы.",610,Приманки,,
450,Блесна Kosadaka 5.0см синий L-0457,"Блесна Kosadaka длиной 5.0 см, цвет синий. Уловистая приманка для хищной рыбы.",1850,Блесны,,
451,Балансир Zemex 6.5см чёрный L-0458,"Балансир Zemex длиной 6.5 см, цвет чёрный. Уловистая приманка для хищной рыбы.",1980,Балансиры,,
452,Мормышка Blue Fox 8.0см серебро L-0459,"Мормышка Blue Fox длиной 8.0 см, цвет серебро. Уловистая приманка для хищной рыбы.",2190,Мормышки,,
453,Леска/шнур Blue Fox 0.1мм 200м N-0460,"Рыболовная леска или шнур Blue Fox, диаметр 0.1 мм, длина 200 м.",1920,Лески и шнуры,,
454,Крючки Kamasan №4 (20 шт) H-0461,"Крючки Kamasan номер 4, упаковка 20 шт. Острые и прочные.",340,Крючки,,
455,Поплавок Okuma 0.5г P-0462,Поплавок Okuma грузоподъёмностью 0.5 г для поплавочной ловли.,300,Поплавки,,
456,Кормушка пуля 15г B-0463,Кормушка пуля весом 15 г для фидерной ловли.,350,Кормушки,,
457,Прикормка Browning карась 1.5кг M-0464,"Прикормка Browning для ловли карась, фасовка 1.5 кг.",560,Прикормка,,
458,Зимний перчатки Pontoon21 XL CL-0465,"Зимний перчатки Pontoon21, размер XL. Комфорт и защита на рыбалке.",11800,Одежда,,
459,Карман Mepps A-0466,Рыболовный аксессуар: карман Mepps для удобства и эффективной ловли.,11070,Аксессуары,,
460,Плоскогубцы Megabass T-0467,Рыболовный инструмент: плоскогубцы Megabass для монтажа и обслуживания снастей.,10420,Инструменты,,
461,Всесезонная стол Daiwa TP-0468,Всесезонная стол Daiwa для комфортного отдыха на рыбалке.,11050,Палатки,,
462,Эхолот Norfin E-0469,Электроника для рыбалки: эхолот Norfin с современными функциями.,7400,Электроника,,
463,Спиннинг Pontoon21 Classic 390см 2-12г S-0471,"Спиннинг Pontoon21 серии Classic длиной 390 см, тест 2-12 г. Подходит для активной ловли хищника.",11020,Спиннинги,2.0,12.0
464,Катушка Berkley Force 2000 R-0472,Катушка Berkley Force размера 2000 с плавным ходом и надёжным фрикционом.,16700,Катушки,,
465,Фидер Gamakatsu Feeder 360 120г F-0473,Фидерное удилище Gamakatsu длиной 360 см с тестом до 120 г для дальнего заброса.,8060,Фидеры,0.0,120.0
466,Карповое удилище Blue Fox Carp 390 100г C-0474,"Карповое удилище Blue Fox длиной 390 см, тест до 100 г.",19910,Карповые удилища,0.0,100.0
467,Зимняя удочка Daiwa Ice 70см 4-5г I-0475,Зимняя удочка Daiwa длиной 70 см для блеснения и ловли на мормышку.,1410,Зимние удочки,4.0,5.0
468,Воблер Browning 4.5см натуральный L-0476,"Воблер Browning длиной 4.5 см, цвет натуральный. Уловистая приманка для хищной рыбы.",440,Воблеры,,
469,Силикон Daiwa 6.5см синий L-0477,"Силикон Daiwa длиной 6.5 см, цвет синий. Уловистая приманка для хищной рыбы.",360,Приманки,,
470,Блесна Zemex 6.5см синий L-0478,"Блесна Zemex длиной 6.5 см, цвет синий. Уловистая приманка для хищной рыбы.",2220,Блесны,,
471,Балансир Favorite 12.0см синий L-0479,"Балансир Favorite длиной 12.0 см, цвет синий. Уловистая приманка для хищной рыбы.",2180,Балансиры,,
472,Мормышка Preston 8.0см синий L-0480,"Мормышка Preston длиной 8.0 см, цвет синий. Уловистая приманка для хищной рыбы.",2760,Мормышки,,
473,Леска/шнур Favorite 0.29мм 135м N-0481,"Рыболовная леска или шнур Favorite, диаметр 0.29 мм, длина 135 м.",1590,Лески и шнуры,,
474,Крючки Owner №4 (15 шт) H-0482,"Крючки Owner номер 4, упаковка 15 шт. Острые и прочные.",440,Крючки,,
475,Поплавок Berkley 5.0г P-0483,Поплавок Berkley грузоподъёмностью 5.0 г для поплавочной ловли.,220,Поплавки,,
476,Кормушка пластиковая 7г B-0484,Кормушка пластиковая весом 7 г для фидерной ловли.,190,Кормушки,,
477,Прикормка Owner фидер 1кг M-0485,"Прикормка Owner для ловли фидер, фасовка 1 кг.",860,Прикормка,,
478,Демисезонный брюки Abu Garcia XL CL-0486,"Демисезонный брюки Abu Garcia, размер XL. Комфорт и защита на рыбалке.",22470,Одежда,,
479,Садок Mann's A-0487,Рыболовный аксессуар: садок Mann's для удобства и эффективной ловли.,33410,Аксессуары,,
480,Ножницы Mustad T-0488,Рыболовный инструмент: ножницы Mustad для монтажа и обслуживания снастей.,7100,Инструменты,,
481,Летняя палатка Ryobi TP-0489,Летняя палатка Ryobi для комфортного отдыха на рыбалке.,7730,Палатки,,
482,Зарядное устройство Norfin E-0490,Электроника для рыбалки: зарядное устройство Norfin с современными функциями.,48250,Электроника,,
483,Спиннинг Zemex River 240см 10-40г S-0492,"Спиннинг Zemex серии River длиной 240 см, тест 10-40 г. Подходит для активной ловли хищника.",23810,Спиннинги,10.0,40.0
484,Катушка Maver Trophy 3000 R-0493,Катушка Maver Trophy размера 3000 с плавным ходом и надёжным фрикционом.,16070,Катушки,,
485,Фидер Maver Feeder 360 60г F-0494,Фидерное удилище Maver длиной 360 см с тестом до 60 г для дальнего заброса.,17110,Фидеры,0.0,60.0
486,Карповое удилище Norfin Carp 390 150г C-0495,"Карповое удилище Norfin длиной 390 см, тест до 150 г.",12490,Карповые удилища,0.0,150.0
487,Зимняя удочка Megabass Ice 65см 4-10г I-0496,Зимняя удочка Megabass длиной 65 см для блеснения и ловли на мормышку.,1470,Зимние удочки,4.0,10.0
488,Воблер Mustad 3.5см красный L-0497,"Воблер Mustad длиной 3.5 см, цвет красный. Уловистая приманка для хищной рыбы.",1610,Воблеры,,
489,Силикон Stinger 10.0см синий L-0498,"Силикон Stinger длиной 10.0 см, цвет синий. Уловистая приманка для хищной рыбы.",1730,Приманки,,
490,Блесна Preston 8.0см зелёный L-0499,"Блесна Preston длиной 8.0 см, цвет зелёный. Уловистая приманка для хищной рыбы.",2720,Блесны,,
491,Балансир Maver 11.0см чёрный L-0500,"Балансир Maver длиной 11.0 см, цвет чёрный. Уловистая приманка для хищной рыбы.",2400,Балансиры,,
492,Мормышка Volzhanka 4.5см синий L-0501,"Мормышка Volzhanka длиной 4.5 см, цвет синий. Уловистая приманка для хищной рыбы.",1940,Мормышки,,
493,Леска/шнур Ryobi 0.23мм 135м N-0502,"Рыболовная леска или шнур Ryobi, диаметр 0.23 мм, длина 135 м.",3150,Лески и шнуры,,
494,Крючки Korda №1/0 (15 шт) H-0503,"Крючки Korda номер 1/0, упаковка 15 шт. Острые и прочные.",560,Крючки,,
495,Поплавок Daiwa 1.0г P-0504,Поплавок Daiwa грузоподъёмностью 1.0 г для поплавочной ловли.,270,Поплавки,,
496,Кормушка пуля 12г B-0505,Кормушка пуля весом 12 г для фидерной ловли.,260,Кормушки,,
497,Прикормка Owner фидер 2кг M-0506,"Прикормка Owner для ловли фидер, фасовка 2 кг.",760,Прикормка,,
498,Летний брюки Graphiteleader 3XL CL-0507,"Летний брюки Graphiteleader, размер 3XL. Комфорт и защита на рыбалке.",18820,Одежда,,
499,Стойка Mustad A-0508,Рыболовный аксессуар: стойка Mustad для удобства и эффективной ловли.,29990,Аксессуары,,
500,Щипцы Maver T-0509,Рыболовный инструмент: щипцы Maver для монтажа и обслуживания снастей.,4340,Инструменты,,
501,Всесезонная палатка Browning TP-0510,Всесезонная палатка Browning для комфортного отдыха на рыбалке.,4960,Палатки,,
502,Эхолот Humminbird E-0511,Электроника для рыбалки: эхолот Humminbird с современными функциями.,50580,Электроника,,
503,Спиннинг Stinger Power 270см 10-35г S-0513,"Спиннинг Stinger серии Power длиной 270 см, тест 10-35 г. Подходит для активной ловли хищника.",11560,Спиннинги,10.0,35.0
504,Катушка Graphiteleader Prime 1000 R-0514,Катушка Graphiteleader Prime размера 1000 с плавным ходом и надёжным фрикционом.,8160,Катушки,,
505,Фидер Trabucco Feeder 330 100г F-0515,Фидерное удилище Trabucco длиной 330 см с тестом до 100 г для дальнего заброса.,6440,Фидеры,0.0,100.0
506,Карповое удилище Owner Carp 330 180г C-0516,"Карповое удилище Owner длиной 330 см, тест до 180 г.",8650,Карповые удилища,0.0,180.0
507,Зимняя удочка Maver Ice 45см 1-10г I-0517,Зимняя удочка Maver длиной 45 см для блеснения и ловли на мормышку.,1290,Зимние удочки,1.0,10.0
508,Воблер Kosadaka 10.0см чёрный L-0518,"Воблер Kosadaka длиной 10.0 см, цвет чёрный. Уловистая приманка для хищной рыбы.",330,Воблеры,,
509,Силикон Trabucco 10.0см красный L-0519,"Силикон Trabucco длиной 10.0 см, цвет красный. Уловистая приманка для хищной рыбы.",2080,Приманки,,
510,Блесна Mustad 5.0см чёрный L-0520,"Блесна Mustad длиной 5.0 см, цвет чёрный. Уловистая приманка для хищной рыбы.",1310,Блесны,,
511,Балансир Okuma 4.5см натуральный L-0521,"Балансир Okuma длиной 4.5 см, цвет натуральный. Уловистая приманка для хищной рыбы.",550,Балансиры,,
512,Мормышка Mepps 10.0см чёрный L-0522,"Мормышка Mepps длиной 10.0 см, цвет чёрный. Уловистая приманка для хищной рыбы.",2640,Мормышки,,
513,Леска/шнур Rapala 0.12мм 150м N-0523,"Рыболовная леска или шнур Rapala, диаметр 0.12 мм, длина 150 м.",670,Лески и шнуры,,
514,Крючки Gamakatsu №6 (20 шт) H-0524,"Крючки Gamakatsu номер 6, упаковка 20 шт. Острые и прочные.",540,Крючки,,
515,Поплавок Blue Fox 2.0г P-0525,Поплавок Blue Fox грузоподъёмностью 2.0 г для поплавочной ловли.,390,Поплавки,,
516,Кормушка пуля 20г B-0526,Кормушка пуля весом 20 г для фидерной ловли.,370,Кормушки,,
517,Прикормка Owner фидер 2.5кг M-0527,"Прикормка Owner для ловли фидер, фасовка 2.5 кг.",590,Прикормка,,
518,Демисезонный шапка Rapala S CL-0528,"Демисезонный шапка Rapala, размер S. Комфорт и защита на рыбалке.",25780,Одежда,,
519,Грузила Mikado A-0529,Рыболовный аксессуар: грузила Mikado для удобства и эффективной ловли.,14080,Аксессуары,,
520,Зажим Preston T-0530,Рыболовный инструмент: зажим Preston для монтажа и обслуживания снастей.,1550,Инструменты,,
521,Зимняя спальник Maximus TP-0531,Зимняя спальник Maximus для комфортного отдыха на рыбалке.,10840,Палатки,,
522,Камера Garmin E-0532,Электроника для рыбалки: камера Garmin с современными функциями.,2080,Электроника,,
523,Спиннинг Blue Fox Lake 390см 3-13г S-0534,"Спиннинг Blue Fox серии Lake длиной 390 см, тест 3-13 г. Подходит для активной ловли хищника.",10080,Спиннинги,3.0,13.0
524,Катушка Trabucco Prime 5000 R-0535,Катушка Trabucco Prime размера 5000 с плавным ходом и надёжным фрикционом.,16680,Катушки,,
525,Фидер Salmo Feeder 330 80г F-0536,Фидерное удилище Salmo длиной 330 см с тестом до 80 г для дальнего заброса.,16410,Фидеры,0.0,80.0
526,Карповое удилище Volzhanka Carp 396 100г C-0537,"Карповое удилище Volzhanka длиной 396 см, тест до 100 г.",22340,Карповые удилища,0.0,100.0
527,Зимняя удочка Browning Ice 70см 1-8г I-0538,Зимняя удочка Browning длиной 70 см для блеснения и ловли на мормышку.,2380,Зимние удочки,1.0,8.0
528,Воблер Zemex 4.5см чёрный L-0539,"Воблер Zemex длиной 4.5 см, цвет чёрный. Уловистая приманка для хищной рыбы.",960,Воблеры,,
529,Силикон Owner 12.0см золото L-0540,"Силикон Owner длиной 12.0 см, цвет золото. Уловистая приманка для хищной рыбы.",2610,Приманки,,
530,Блесна Trabucco 10.0см чёрный L-0541,"Блесна Trabucco длиной 10.0 см, цвет чёрный. Уловистая приманка для хищной рыбы.",2200,Блесны,,
531,Балансир Owner 9.0см зелёный L-0542,"Балансир Owner длиной 9.0 см, цвет зелёный. Уловистая приманка для хищной рыбы.",2330,Балансиры,,
532,Мормышка Ryobi 10.0см чёрный L-0543,"Мормышка Ryobi длиной 10.0 см, цвет чёрный. Уловистая приманка для хищной рыбы.",2730,Мормышки,,
533,Леска/шнур Abu Garcia 0.32мм 150м N-0544,"Рыболовная леска или шнур Abu Garcia, диаметр 0.32 мм, длина 150 м.",2790,Лески и шнуры,,
534,Крючки Mustad №4 (10 шт) H-0545,"Крючки Mustad номер 4, упаковка 10 шт. Острые и прочные.",270,Крючки,,
535,Поплавок Daiwa 3.0г P-0546,Поплавок Daiwa грузоподъёмностью 3.0 г для поплавочной ловли.,420,Поплавки,,
536,Кормушка пластиковая 5г B-0547,Кормушка пластиковая весом 5 г для фидерной ловли.,380,Кормушки,,
537,Прикормка Graphiteleader карась 2кг M-0548,"Прикормка Graphiteleader для ловли карась, фасовка 2 кг.",460,Прикормка,,
538,Летний сапоги Pontoon21 S CL-0549,"Летний сапоги Pontoon21, размер S. Комфорт и защита на рыбалке.",16190,Одежда,,
539,Сигнализатор Keitech A-0550,Рыболовный аксессуар: сигнализатор Keitech для удобства и эффективной ловли.,22090,Аксессуары,,
540,Зажим Gamakatsu T-0551,Рыболовный инструмент: зажим Gamakatsu для монтажа и обслуживания снастей.,1930,Инструменты,,
541,Летняя кресло Maximus TP-0552,Летняя кресло Maximus для комфортного отдыха на рыбалке.,13160,Палатки,,
542,Gps-навигатор Deeper E-0553,Электроника для рыбалки: GPS-навигатор Deeper с современными функциями.,45320,Электроника,,
543,Спиннинг Mepps Expert 390см 1-21г S-0555,"Спиннинг Mepps серии Expert длиной 390 см, тест 1-21 г. Подходит для активной ловли хищника.",10770,Спиннинги,1.0,21.0
544,Катушка Gamakatsu Sport 6000 R-0556,Катушка Gamakatsu Sport размера 6000 с плавным ходом и надёжным фрикционом.,15040,Катушки,,
545,Фидер Tsurinoya Feeder 300 180г F-0557,Фидерное удилище Tsurinoya длиной 300 см с тестом до 180 г для дальнего заброса.,11070,Фидеры,0.0,180.0
546,Карповое удилище Blue Fox Carp 330 120г C-0558,"Карповое удилище Blue Fox длиной 330 см, тест до 120 г.",21490,Карповые удилища,0.0,120.0
547,Зимняя удочка Mann's Ice 65см 2-10г I-0559,Зимняя удочка Mann's длиной 65 см для блеснения и ловли на мормышку.,1600,Зимние удочки,2.0,10.0
548,Воблер Rapala 6.5см зелёный L-0560,"Воблер Rapala длиной 6.5 см, цвет зелёный. Уловистая приманка для хищной рыбы.",2530,Воблеры,,
549,Силикон Kosadaka 7.0см красный L-0561,"Силикон Kosadaka длиной 7.0 см, цвет красный. Уловистая приманка для хищной рыбы.",2260,Приманки,,
550,Блесна Favorite 3.5см золото L-0562,"Блесна Favorite длиной 3.5 см, цвет золото. Уловистая приманка для хищной рыбы.",2770,Блесны,,
551,Балансир Fox 5.0см зелёный L-0563,"Балансир Fox длиной 5.0 см, цвет зелёный. Уловистая приманка для хищной рыбы.",2540,Балансиры,,
552,Мормышка Shimano 11.0см красный L-0564,"Мормышка Shimano длиной 11.0 см, цвет красный. Уловистая приманка для хищной рыбы.",660,Мормышки,,
553,Леска/шнур Browning 0.35мм 100м N-0565,"Рыболовная леска или шнур Browning, диаметр 0.35 мм, длина 100 м.",2210,Лески и шнуры,,
554,Крючки Owner №8 (15 шт) H-0566,"Крючки Owner номер 8, упаковка 15 шт. Острые и прочные.",630,Крючки,,
555,Поплавок Trabucco 3.0г P-0567,Поплавок Trabucco грузоподъёмностью 3.0 г для поплавочной ловли.,330,Поплавки,,
556,Кормушка пуля 25г B-0568,Кормушка пуля весом 25 г для фидерной ловли.,260,Кормушки,,
557,Прикормка Megabass фидер 1.5кг M-0569,"Прикормка Megabass для ловли фидер, фасовка 1.5 кг.",670,Прикормка,,
558,Демисезонный шапка Volzhanka 3XL CL-0570,"Демисезонный шапка Volzhanka, размер 3XL. Комфорт и защита на рыбалке.",5260,Одежда,,
559,Чехол Salmo A-0571,Рыболовный аксессуар: чехол Salmo для удобства и эффективной ловли.,27440,Аксессуары,,
560,Мультитул Mustad T-0572,Рыболовный инструмент: мультитул Mustad для монтажа и обслуживания снастей.,4600,Инструменты,,
561,Всесезонная кресло Shimano TP-0573,Всесезонная кресло Shimano для комфортного отдыха на рыбалке.,6690,Палатки,,
562,Зарядное устройство Lucky E-0574,Электроника для рыбалки: зарядное устройство Lucky с современными функциями.,58600,Электроника,,
563,Спиннинг Zemex Lake 420см 5-25г S-0576,"Спиннинг Zemex серии Lake длиной 420 см, тест 5-25 г. Подходит для активной ловли хищника.",13390,Спиннинги,5.0,25.0
564,Катушка Berkley Lake 2500 R-0577,Катушка Berkley Lake размера 2500 с плавным ходом и надёжным фрикционом.,7980,Катушки,,
565,Фидер Fox Feeder 420 120г F-0578,Фидерное удилище Fox длиной 420 см с тестом до 120 г для дальнего заброса.,7330,Фидеры,0.0,120.0
566,Карповое удилище Blue Fox Carp 330 130г C-0579,"Карповое удилище Blue Fox длиной 330 см, тест до 130 г.",20000,Карповые удилища,0.0,130.0
567,Зимняя удочка Berkley Ice 60см 4-10г I-0580,Зимняя удочка Berkley длиной 60 см для блеснения и ловли на мормышку.,1000,Зимние удочки,4.0,10.0
568,Воблер Ryobi 3.5см синий L-0581,"Воблер Ryobi длиной 3.5 см, цвет синий. Уловистая приманка для хищной рыбы.",2340,Воблеры,,
569,Силикон Mustad 4.5см натуральный L-0582,"Силикон Mustad длиной 4.5 см, цвет натуральный. Уловистая приманка для хищной рыбы.",2080,Приманки,,
570,Блесна Lucky John 11.0см красный L-0583,"Блесна Lucky John длиной 11.0 см, цвет красный. Уловистая приманка для хищной рыбы.",340,Блесны,,
571,Балансир Zemex 9.0см натуральный L-0584,"Балансир Zemex длиной 9.0 см, цвет натуральный. Уловистая приманка для хищной рыбы.",910,Балансиры,,
572,Мормышка Salmo 10.0см натуральный L-0585,"Мормышка Salmo длиной 10.0 см, цвет натуральный. Уловистая приманка для хищной рыбы.",1360,Мормышки,,
573,Леска/шнур Mustad 0.25мм 200м N-0586,"Рыболовная леска или шнур Mustad, диаметр 0.25 мм, длина 200 м.",2980,Лески и шнуры,,
574,Крючки Owner №2 (20 шт) H-0587,"Крючки Owner номер 2, упаковка 20 шт. Острые и прочные.",590,Крючки,,
575,Поплавок Berkley 4.0г P-0588,Поплавок Berkley грузоподъёмностью 4.0 г для поплавочной ловли.,370,Поплавки,,
576,Кормушка металлическая 30г B-0589,Кормушка металлическая весом 30 г для фидерной ловли.,180,Кормушки,,
577,Прикормка Fox плотва 1.5кг M-0590,"Прикормка Fox для ловли плотва, фасовка 1.5 кг.",370,Прикормка,,
578,Демисезонный костюм Pontoon21 3XL CL-0591,"Демисезонный костюм Pontoon21, размер 3XL. Комфорт и защита на рыбалке.",4080,Одежда,,
579,Ящик Jackall A-0592,Рыболовный аксессуар: ящик Jackall для удобства и эффективной ловли.,19880,Аксессуары,,
580,Ножницы Daiwa T-0593,Рыболовный инструмент: ножницы Daiwa для монтажа и обслуживания снастей.,5530,Инструменты,,
581,Летняя кресло Rapala TP-0594,Летняя кресло Rapala для комфортного отдыха на рыбалке.,7940,Палатки,,
582,Камера Deeper E-0595,Электроника для рыбалки: камера Deeper с современными функциями.,17900,Электроника,,
583,Спиннинг Graphiteleader River 240см 2-17г S-0597,"Спиннинг Graphiteleader серии River длиной 240 см, тест 2-17 г. Подходит для активной ловли хищника.",5090,Спиннинги,2.0,17.0
584,Катушка Berkley Light 3000 R-0598,Катушка Berkley Light размера 3000 с плавным ходом и надёжным фрикционом.,20910,Катушки,,
585,Фидер Zemex Feeder 330 150г F-0599,Фидерное удилище Zemex длиной 330 см с тестом до 150 г для дальнего заброса.,13950,Фидеры,0.0,150.0
586,Карповое удилище Preston Carp 396 130г C-0600,"Карповое удилище Preston длиной 396 см, тест до 130 г.",4810,Карповые удилища,0.0,130.0
587,Зимняя удочка Megabass Ice 55см 4-10г I-0601,Зимняя удочка Megabass длиной 55 см для блеснения и ловли на мормышку.,1010,Зимние удочки,4.0,10.0
588,Воблер Salmo 10.0см зелёный L-0602,"Воблер Salmo длиной 10.0 см, цвет зелёный. Уловистая приманка для хищной рыбы.",2690,Воблеры,,
589,Силикон Owner 9.0см золото L-0603,"Силикон Owner длиной 9.0 см, цвет золото. Уловистая приманка для хищной рыбы.",1300,Приманки,,
590,Блесна Megabass 7.0см синий L-0604,"Блесна Megabass длиной 7.0 см, цвет синий. Уловистая приманка для хищной рыбы.",1860,Блесны,,
591,Балансир Okuma 4.5см синий L-0605,"Балансир Okuma длиной 4.5 см, цвет синий. Уловистая приманка для хищной рыбы.",1840,Балансиры,,
592,Мормышка Keitech 12.0см зелёный L-0606,"Мормышка Keitech длиной 12.0 см, цвет зелёный. Уловистая приманка для хищной рыбы.",1490,Мормышки,,
593,Леска/шнур Daiwa 0.34мм 200м N-0607,"Рыболовная леска или шнур Daiwa, диаметр 0.34 мм, длина 200 м.",1440,Лески и шнуры,,
594,Крючки Owner №4 (20 шт) H-0608,"Крючки Owner номер 4, упаковка 20 шт. Острые и прочные.",530,Крючки,,
595,Поплавок Ryobi 3.0г P-0609,Поплавок Ryobi грузоподъёмностью 3.0 г для поплавочной ловли.,240,Поплавки,,
596,Кормушка методная 40г B-0610,Кормушка методная весом 40 г для фидерной ловли.,250,Кормушки,,
597,Прикормка Volzhanka фидер 2кг M-0611,"Прикормка Volzhanka для ловли фидер, фасовка 2 кг.",420,Прикормка,,
598,Демисезонный сапоги Lucky John S CL-0612,"Демисезонный сапоги Lucky John, размер S. Комфорт и защита на рыбалке.",10910,Одежда,,
599,Подсак Jackall A-0613,Рыболовный аксессуар: подсак Jackall для удобства и эффективной ловли.,24160,Аксессуары,,
600,Ножницы Kosadaka T-0614,Рыболовный инструмент: ножницы Kosadaka для монтажа и обслуживания снастей.,5060,Инструменты,,
601,Зимняя стол Gamakatsu TP-0615,Зимняя стол Gamakatsu для комфортного отдыха на рыбалке.,5090,Палатки,,
602,Gps-навигатор Lowrance E-0616,Электроника для рыбалки: GPS-навигатор Lowrance с современными функциями.,36690,Электроника,,
603,Спиннинг Tsurinoya Elite 240см 3-28г S-0618,"Спиннинг Tsurinoya серии Elite длиной 240 см, тест 3-28 г. Подходит для активной ловли хищника.",28930,Спиннинги,3.0,28.0
604,Катушка Trabucco Force 6000 R-0619,Катушка Trabucco Force размера 6000 с плавным ходом и надёжным фрикционом.,5570,Катушки,,
605,Фидер Megabass Feeder 300 50г F-0620,Фидерное удилище Megabass длиной 300 см с тестом до 50 г для дальнего заброса.,15860,Фидеры,0.0,50.0
606,Карповое удилище Browning Carp 396 180г C-0621,"Карповое удилище Browning длиной 396 см, тест до 180 г.",16480,Карповые удилища,0.0,180.0
607,Зимняя удочка Norfin Ice 60см 1-8г I-0622,Зимняя удочка Norfin длиной 60 см для блеснения и ловли на мормышку.,1790,Зимние удочки,1.0,8.0
608,Воблер Favorite 10.0см зелёный L-0623,"Воблер Favorite длиной 10.0 см, цвет зелёный. Уловистая приманка для хищной рыбы.",1350,Воблеры,,
609,Силикон Berkley 8.0см чёрный L-0624,"Силикон Berkley длиной 8.0 см, цвет чёрный. Уловистая приманка для хищной рыбы.",1240,Приманки,,
610,Блесна Okuma 3.5см серебро L-0625,"Блесна Okuma длиной 3.5 см, цвет серебро. Уловистая приманка для хищной рыбы.",2580,Блесны,,
611,Балансир Gamakatsu 12.0см синий L-0626,"Балансир Gamakatsu длиной 12.0 см, цвет синий. Уловистая приманка для хищной рыбы.",540,Балансиры,,
612,Мормышка Megabass 7.0см золото L-0627,"Мормышка Megabass длиной 7.0 см, цвет золото. Уловистая приманка для хищной рыбы.",1950,Мормышки,,
613,Леска/шнур Favorite 0.12мм 100м N-0628,"Рыболовная леска или шнур Favorite, диаметр 0.12 мм, длина 100 м.",1570,Лески и шнуры,,
614,Крючки Korda №6 (10 шт) H-0629,"Крючки Korda номер 6, упаковка 10 шт. Острые и прочные.",270,Крючки,,
615,Поплавок Kosadaka 5.0г P-0630,Поплавок Kosadaka грузоподъёмностью 5.0 г для поплавочной ловли.,350,Поплавки,,
616,Кормушка пуля 18г B-0631,Кормушка пуля весом 18 г для фидерной ловли.,220,Кормушки,,
617,Прикормка Blue Fox лещ 2.5кг M-0632,"Прикормка Blue Fox для ловли лещ, фасовка 2.5 кг.",700,Прикормка,,
618,Демисезонный костюм Maver L CL-0633,"Демисезонный костюм Maver, размер L. Комфорт и защита на рыбалке.",7910,Одежда,,
619,Багорик Jackall A-0634,Рыболовный аксессуар: багорик Jackall для удобства и эффективной ловли.,15720,Аксессуары,,
620,Ножницы Mann's T-0635,Рыболовный инструмент: ножницы Mann's для монтажа и обслуживания снастей.,11450,Инструменты,,
621,Всесезонная тент Mann's TP-0636,Всесезонная тент Mann's для комфортного отдыха на рыбалке.,7680,Палатки,,
622,Зарядное устройство Garmin E-0637,Электроника для рыбалки: зарядное устройство Garmin с современными функциями.,19980,Электроника,,
623,Спиннинг Volzhanka Sport 390см 1-16г S-0639,"Спиннинг Volzhanka серии Sport длиной 390 см, тест 1-16 г. Подходит для активной ловли хищника.",23530,Спиннинги,1.0,16.0
624,Катушка Daiwa Expert 6000 R-0640,Катушка Daiwa Expert размера 6000 с плавным ходом и надёжным фрикционом.,12730,Катушки,,
625,Фидер Fox Feeder 330 60г F-0641,Фидерное удилище Fox длиной 330 см с тестом до 60 г для дальнего заброса.,4620,Фидеры,0.0,60.0
626,Карповое удилище Mikado Carp 360 120г C-0642,"Карповое удилище Mikado длиной 360 см, тест до 120 г.",15270,Карповые удилища,0.0,120.0
627,Зимняя удочка Zemex Ice 65см 1-8г I-0643,Зимняя удочка Zemex длиной 65 см для блеснения и ловли на мормышку.,2450,Зимние удочки,1.0,8.0
628,Воблер Zemex 5.0см серебро L-0644,"Воблер Zemex длиной 5.0 см, цвет серебро. Уловистая приманка для хищной рыбы.",1310,Воблеры,,
629,Силикон Stinger 4.5см золото L-0645,"Силикон Stinger длиной 4.5 см, цвет золото. Уловистая приманка для хищной рыбы.",380,Приманки,,
630,Блесна Kosadaka 3.5см зелёный L-0646,"Блесна Kosadaka длиной 3.5 см, цвет зелёный. Уловистая приманка для хищной рыбы.",1250,Блесны,,
631,Балансир Gamakatsu 3.5см синий L-0647,"Балансир Gamakatsu длиной 3.5 см, цвет синий. Уловистая приманка для хищной рыбы.",1370,Балансиры,,
632,Мормышка Rapala 5.0см золото L-0648,"Мормышка Rapala длиной 5.0 см, цвет золото. Уловистая приманка для хищной рыбы.",2000,Мормышки,,
633,Леска/шнур Graphiteleader 0.11мм 100м N-0649,"Рыболовная леска или шнур Graphiteleader, диаметр 0.11 мм, длина 100 м.",2270,Лески и шнуры,,
634,Крючки Korda №2 (20 шт) H-0650,"Крючки Korda номер 2, упаковка 20 шт. Острые и прочные.",450,Крючки,,
635,Поплавок Lucky John 8.0г P-0651,Поплавок Lucky John грузоподъёмностью 8.0 г для поплавочной ловли.,380,Поплавки,,
636,Кормушка металлическая 12г B-0652,Кормушка металлическая весом 12 г для фидерной ловли.,410,Кормушки,,
637,Прикормка Owner карась 1кг M-0653,"Прикормка Owner для ловли карась, фасовка 1 кг.",340,Прикормка,,
638,Летний жилет Okuma XL CL-0654,"Летний жилет Okuma, размер XL. Комфорт и защита на рыбалке.",23270,Одежда,,
639,Багорик Lucky John A-0655,Рыболовный аксессуар: багорик Lucky John для удобства и эффективной ловли.,29320,Аксессуары,,
640,Ножницы Salmo T-0656,Рыболовный инструмент: ножницы Salmo для монтажа и обслуживания снастей.,5500,Инструменты,,
641,Зимняя палатка Zemex TP-0657,Зимняя палатка Zemex для комфортного отдыха на рыбалке.,6300,Палатки,,
642,Gps-навигатор Lucky E-0658,Электроника для рыбалки: GPS-навигатор Lucky с современными функциями.,26860,Электроника,,
643,Спиннинг Graphiteleader Prime 390см 7-37г S-0660,"Спиннинг Graphiteleader серии Prime длиной 390 см, тест 7-37 г. Подходит для активной ловли хищника.",16600,Спиннинги,7.0,37.0
644,Катушка Lucky John Sport 6000 R-0661,Катушка Lucky John Sport размера 6000 с плавным ходом и надёжным фрикционом.,23250,Катушки,,
645,Фидер Mikado Feeder 390 150г F-0662,Фидерное удилище Mikado длиной 390 см с тестом до 150 г для дальнего заброса.,7240,Фидеры,0.0,150.0
646,Карповое удилище Blue Fox Carp 390 150г C-0663,"Карповое удилище Blue Fox длиной 390 см, тест до 150 г.",17560,Карповые удилища,0.0,150.0
647,Зимняя удочка Blue Fox Ice 70см 1-8г I-0664,Зимняя удочка Blue Fox длиной 70 см для блеснения и ловли на мормышку.,1560,Зимние удочки,1.0,8.0
648,Воблер Gamakatsu 7.0см зелёный L-0665,"Воблер Gamakatsu длиной 7.0 см, цвет зелёный. Уловистая приманка для хищной рыбы.",900,Воблеры,,
649,Силикон Okuma 4.5см чёрный L-0666,"Силикон Okuma длиной 4.5 см, цвет чёрный. Уловистая приманка для хищной рыбы.",630,Приманки,,
650,Блесна Norfin 9.0см чёрный L-0667,"Блесна Norfin длиной 9.0 см, цвет чёрный. Уловистая приманка для хищной рыбы.",1810,Блесны,,
651,Балансир Kosadaka 11.0см чёрный L-0668,"Балансир Kosadaka длиной 11.0 см, цвет чёрный. Уловистая приманка для хищной рыбы.",2680,Балансиры,,
652,Мормышка Mustad 4.5см красный L-0669,"Мормышка Mustad длиной 4.5 см, цвет красный. Уловистая приманка для хищной рыбы.",1730,Мормышки,,
653,Леска/шнур Pontoon21 0.31мм 100м N-0670,"Рыболовная леска или шнур Pontoon21, диаметр 0.31 мм, длина 100 м.",1500,Лески и шнуры,,
654,Крючки Kamasan №12 (15 шт) H-0671,"Крючки Kamasan номер 12, упаковка 15 шт. Острые и прочные.",200,Крючки,,
655,Поплавок Tsurinoya 2.0г P-0672,Поплавок Tsurinoya грузоподъёмностью 2.0 г для поплавочной ловли.,200,Поплавки,,
656,Кормушка пластиковая 25г B-0673,Кормушка пластиковая весом 25 г для фидерной ловли.,200,Кормушки,,
657,Прикормка Keitech фидер 2кг M-0674,"Прикормка Keitech для ловли фидер, фасовка 2 кг.",400,Прикормка,,
658,Зимний шапка Maver XL CL-0675,"Зимний шапка Maver, размер XL. Комфорт и защита на рыбалке.",19170,Одежда,,
659,Поводки Daiwa A-0676,Рыболовный аксессуар: поводки Daiwa для удобства и эффективной ловли.,17780,Аксессуары,,
660,Плоскогубцы Daiwa T-0677,Рыболовный инструмент: плоскогубцы Daiwa для монтажа и обслуживания снастей.,4700,Инструменты,,
661,Летняя кресло Owner TP-0678,Летняя кресло Owner для комфортного отдыха на рыбалке.,1900,Палатки,,
662,Камера Lowrance E-0679,Электроника для рыбалки: камера Lowrance с современными функциями.,39010,Электроника,,
663,Спиннинг Mepps Master 240см 10-20г S-0681,"Спиннинг Mepps серии Master длиной 240 см, тест 10-20 г. Подходит для активной ловли хищника.",5510,Спиннинги,10.0,20.0
664,Катушка Graphiteleader Power 3000 R-0682,Катушка Graphiteleader Power размера 3000 с плавным ходом и надёжным фрикционом.,15560,Катушки,,
665,Фидер Megabass Feeder 360 50г F-0683,Фидерное удилище Megabass длиной 360 см с тестом до 50 г для дальнего заброса.,9560,Фидеры,0.0,50.0
666,Карповое удилище Owner Carp 390 180г C-0684,"Карповое удилище Owner длиной 390 см, тест до 180 г.",7280,Карповые удилища,0.0,180.0
667,Зимняя удочка Rapala Ice 50см 1-10г I-0685,Зимняя удочка Rapala длиной 50 см для блеснения и ловли на мормышку.,790,Зимние удочки,1.0,10.0
668,Воблер Norfin 7.0см красный L-0686,"Воблер Norfin длиной 7.0 см, цвет красный. Уловистая приманка для хищной рыбы.",2020,Воблеры,,
669,Силикон Ryobi 12.0см красный L-0687,"Силикон Ryobi длиной 12.0 см, цвет красный. Уловистая приманка для хищной рыбы.",1980,Приманки,,
670,Блесна Maver 6.5см натуральный L-0688,"Блесна Maver длиной 6.5 см, цвет натуральный. Уловистая приманка для хищной рыбы.",2380,Блесны,,
671,Балансир Favorite 8.0см красный L-0689,"Балансир Favorite длиной 8.0 см, цвет красный. Уловистая приманка для хищной рыбы.",730,Балансиры,,
672,Мормышка Trabucco 12.0см красный L-0690,"Мормышка Trabucco длиной 12.0 см, цвет красный. Уловистая приманка для хищной рыбы.",2440,Мормышки,,
673,Леска/шнур Owner 0.09мм 200м N-0691,"Рыболовная леска или шнур Owner, диаметр 0.09 мм, длина 200 м.",2770,Лески и шнуры,,
674,Крючки Owner №4 (10 шт) H-0692,"Крючки Owner номер 4, упаковка 10 шт. Острые и прочные.",300,Крючки,,
675,Поплавок Mikado 1.5г P-0693,Поплавок Mikado грузоподъёмностью 1.5 г для поплавочной ловли.,250,Поплавки,,
676,Кормушка методная 15г B-0694,Кормушка методная весом 15 г для фидерной ловли.,200,Кормушки,,
677,Прикормка Shimano карась 2.5кг M-0695,"Прикормка Shimano для ловли карась, фасовка 2.5 кг.",460,Прикормка,,
678,Демисезонный перчатки Kosadaka 3XL CL-0696,"Демисезонный перчатки Kosadaka, размер 3XL. Комфорт и защита на рыбалке.",8330,Одежда,,
679,Зажим Tsurinoya A-0697,Рыболовный аксессуар: зажим Tsurinoya для удобства и эффективной ловли.,23460,Аксессуары,,
680,Экстрактор Salmo T-0698,Рыболовный инструмент: экстрактор Salmo для монтажа и обслуживания снастей.,12380,Инструменты,,
681,Зимняя стол Abu Garcia TP-0699,Зимняя стол Abu Garcia для комфортного отдыха на рыбалке.,9330,Палатки,,
682,Gps-навигатор Garmin E-0700,Электроника для рыбалки: GPS-навигатор Garmin с современными функциями.,39630,Электроника,,
683,Спиннинг Pontoon21 Hunter 360см 3-13г S-0702,"Спиннинг Pontoon21 серии Hunter длиной 360 см, тест 3-13 г. Подходит для активной ловли хищника.",15770,Спиннинги,3.0,13.0
684,Катушка Daiwa Force 2000 R-0703,Катушка Daiwa Force размера 2000 с плавным ходом и надёжным фрикционом.,22050,Катушки,,
685,Фидер Megabass Feeder 360 40г F-0704,Фидерное удилище Megabass длиной 360 см с тестом до 40 г для дальнего заброса.,10660,Фидеры,0.0,40.0
686,Карповое удилище Lucky John Carp 360 150г C-0705,"Карповое удилище Lucky John длиной 360 см, тест до 150 г.",23800,Карповые удилища,0.0,150.0
687,Зимняя удочка Mepps Ice 65см 1-8г I-0706,Зимняя удочка Mepps длиной 65 см для блеснения и ловли на мормышку.,2470,Зимние удочки,1.0,8.0
688,Воблер Owner 8.0см синий L-0707,"Воблер Owner длиной 8.0 см, цвет синий. Уловистая приманка для хищной рыбы.",1640,Воблеры,,
689,Силикон Maximus 4.5см серебро L-0708,"Силикон Maximus длиной 4.5 см, цвет серебро. Уловистая приманка для хищной рыбы.",750,Приманки,,
690,Блесна Graphiteleader 11.0см синий L-0709,"Блесна Graphiteleader длиной 11.0 см, цвет синий. Уловистая приманка для хищной рыбы.",1710,Блесны,,
691,Балансир Keitech 5.0см синий L-0710,"Балансир Keitech длиной 5.0 см, цвет синий. Уловистая приманка для хищной рыбы.",700,Балансиры,,
692,Мормышка Zemex 7.0см синий L-0711,"Мормышка Zemex длиной 7.0 см, цвет синий. Уловистая приманка для хищной рыбы.",990,Мормышки,,
693,Леска/шнур Zemex 0.29мм 100м N-0712,"Рыболовная леска или шнур Zemex, диаметр 0.29 мм, длина 100 м.",1040,Лески и шнуры,,
694,Крючки Korda №1/0 (20 шт) H-0713,"Крючки Korda номер 1/0, упаковка 20 шт. Острые и прочные.",540,Крючки,,
695,Поплавок Jackall 4.0г P-0714,Поплавок Jackall грузоподъёмностью 4.0 г для поплавочной ловли.,280,Поплавки,,
696,Кормушка пуля 10г B-0715,Кормушка пуля весом 10 г для фидерной ловли.,170,Кормушки,,
697,Прикормка Okuma карась 2кг M-0716,"Прикормка Okuma для ловли карась, фасовка 2 кг.",560,Прикормка,,
698,Демисезонный брюки Rapala S CL-0717,"Демисезонный брюки Rapala, размер S. Комфорт и защита на рыбалке.",10960,Одежда,,
699,Багорик Megabass A-0718,Рыболовный аксессуар: багорик Megabass для удобства и эффективной ловли.,2710,Аксессуары,,
700,Щипцы Rapala T-0719,Рыболовный инструмент: щипцы Rapala для монтажа и обслуживания снастей.,4920,Инструменты,,
701,Всесезонная палатка Salmo TP-0720,Всесезонная палатка Salmo для комфортного отдыха на рыбалке.,11530,Палатки,,
702,Спиннинг Tsurinoya Hunter 390см 7-37г S-0722,"Спиннинг Tsurinoya серии Hunter длиной 390 см, тест 7-37 г. Подходит для активной ловли хищника.",28450,Спиннинги,7.0,37.0
703,Катушка Abu Garcia Lake 6000 R-0723,Катушка Abu Garcia Lake размера 6000 с плавным ходом и надёжным фрикционом.,20530,Катушки,,
704,Фидер Volzhanka Feeder 360 150г F-0724,Фидерное удилище Volzhanka длиной 360 см с тестом до 150 г для дальнего заброса.,11710,Фидеры,0.0,150.0
705,Карповое удилище Zemex Carp 330 150г C-0725,"Карповое удилище Zemex длиной 330 см, тест до 150 г.",7890,Карповые удилища,0.0,150.0
706,Зимняя удочка Mustad Ice 70см 1-10г I-0726,Зимняя удочка Mustad длиной 70 см для блеснения и ловли на мормышку.,2010,Зимние удочки,1.0,10.0
707,Воблер Stinger 3.5см синий L-0727,"Воблер Stinger длиной 3.5 см, цвет синий. Уловистая приманка для хищной рыбы.",2070,Воблеры,,
708,Силикон Jackall 11.0см серебро L-0728,"Силикон Jackall длиной 11.0 см, цвет серебро. Уловистая приманка для хищной рыбы.",2780,Приманки,,
709,Блесна Maximus 8.0см зелёный L-0729,"Блесна Maximus длиной 8.0 см, цвет зелёный. Уловистая приманка для хищной рыбы.",1440,Блесны,,
710,Балансир Berkley 9.0см натуральный L-0730,"Балансир Berkley длиной 9.0 см, цвет натуральный. Уловистая приманка для хищной рыбы.",1660,Балансиры,,
711,Мормышка Rapala 8.0см чёрный L-0731,"Мормышка Rapala длиной 8.0 см, цвет чёрный. Уловистая приманка для хищной рыбы.",1630,Мормышки,,
712,Леска/шнур Lucky John 0.23мм 200м N-0732,"Рыболовная леска или шнур Lucky John, диаметр 0.23 мм, длина 200 м.",1480,Лески и шнуры,,
713,Крючки Mustad №8 (15 шт) H-0733,"Крючки Mustad номер 8, упаковка 15 шт. Острые и прочные.",190,Крючки,,
714,Поплавок Zemex 4.0г P-0734,Поплавок Zemex грузоподъёмностью 4.0 г для поплавочной ловли.,280,Поплавки,,
715,Кормушка пластиковая 20г B-0735,Кормушка пластиковая весом 20 г для фидерной ловли.,180,Кормушки,,
716,Прикормка Owner фидер 2.5кг M-0736,"Прикормка Owner для ловли фидер, фасовка 2.5 кг.",620,Прикормка,,
717,Демисезонный сапоги Kosadaka 3XL CL-0737,"Демисезонный сапоги Kosadaka, размер 3XL. Комфорт и защита на рыбалке.",23250,Одежда,,
718,Садок Graphiteleader A-0738,Рыболовный аксессуар: садок Graphiteleader для удобства и эффективной ловли.,28000,Аксессуары,,
719,Щипцы Tsurinoya T-0739,Рыболовный инструмент: щипцы Tsurinoya для монтажа и обслуживания снастей.,520,Инструменты,,
720,Зимняя кресло Mann's TP-0740,Зимняя кресло Mann's для комфортного отдыха на рыбалке.,5310,Палатки,,
721,Спиннинг Mustad Trophy 270см 2-17г S-0742,"Спиннинг Mustad серии Trophy длиной 270 см, тест 2-17 г. Подходит для активной ловли хищника.",7580,Спиннинги,2.0,17.0
722,Катушка Salmo Prime 6000 R-0743,Катушка Salmo Prime размера 6000 с плавным ходом и надёжным фрикционом.,27620,Катушки,,
723,Фидер Lucky John Feeder 420 180г F-0744,Фидерное удилище Lucky John длиной 420 см с тестом до 180 г для дальнего заброса.,17180,Фидеры,0.0,180.0
724,Карповое удилище Graphiteleader Carp 330 130г C-0745,"Карповое удилище Graphiteleader длиной 330 см, тест до 130 г.",8790,Карповые удилища,0.0,130.0
725,Зимняя удочка Berkley Ice 50см 1-5г I-0746,Зимняя удочка Berkley длиной 50 см для блеснения и ловли на мормышку.,2390,Зимние удочки,1.0,5.0
726,Воблер Maximus 10.0см чёрный L-0747,"Воблер Maximus длиной 10.0 см, цвет чёрный. Уловистая приманка для хищной рыбы.",1960,Воблеры,,
727,Силикон Mann's 6.5см красный L-0748,"Силикон Mann's длиной 6.5 см, цвет красный. Уловистая приманка для хищной рыбы.",2780,Приманки,,
728,Блесна Trabucco 10.0см синий L-0749,"Блесна Trabucco длиной 10.0 см, цвет синий. Уловистая приманка для хищной рыбы.",2470,Блесны,,
729,Балансир Fox 7.0см натуральный L-0750,"Балансир Fox длиной 7.0 см, цвет натуральный. Уловистая приманка для хищной рыбы.",2200,Балансиры,,
730,Мормышка Volzhanka 8.0см золото L-0751,"Мормышка Volzhanka длиной 8.0 см, цвет золото. Уловистая приманка для хищной рыбы.",2620,Мормышки,,
731,Леска/шнур Jackall 0.2мм 150м N-0752,"Рыболовная леска или шнур Jackall, диаметр 0.2 мм, длина 150 м.",1880,Лески и шнуры,,
732,Крючки Kamasan №1 (10 шт) H-0753,"Крючки Kamasan номер 1, упаковка 10 шт. Острые и прочные.",570,Крючки,,
733,Поплавок Volzhanka 1.5г P-0754,Поплавок Volzhanka грузоподъёмностью 1.5 г для поплавочной ловли.,250,Поплавки,,
734,Кормушка пуля 5г B-0755,Кормушка пуля весом 5 г для фидерной ловли.,330,Кормушки,,
735,Прикормка Lucky John фидер 1кг M-0756,"Прикормка Lucky John для ловли фидер, фасовка 1 кг.",570,Прикормка,,
736,Зимний жилет Norfin L CL-0757,"Зимний жилет Norfin, размер L. Комфорт и защита на рыбалке.",15510,Одежда,,
737,Ящик Tsurinoya A-0758,Рыболовный аксессуар: ящик Tsurinoya для удобства и эффективной ловли.,28920,Аксессуары,,
738,Плоскогубцы Norfin T-0759,Рыболовный инструмент: плоскогубцы Norfin для монтажа и обслуживания снастей.,7610,Инструменты,,
739,Летняя палатка Keitech TP-0760,Летняя палатка Keitech для комфортного отдыха на рыбалке.,2670,Палатки,,
740,Спиннинг Mepps Strike 270см 5-15г S-0762,"Спиннинг Mepps серии Strike длиной 270 см, тест 5-15 г. Подходит для активной ловли хищника.",14780,Спиннинги,5.0,15.0
741,Катушка Browning Pro 2500 R-0763,Катушка Browning Pro размера 2500 с плавным ходом и надёжным фрикционом.,5050,Катушки,,
742,Фидер Mustad Feeder 330 50г F-0764,Фидерное удилище Mustad длиной 330 см с тестом до 50 г для дальнего заброса.,4130,Фидеры,0.0,50.0
743,Карповое удилище Trabucco Carp 396 120г C-0765,"Карповое удилище Trabucco длиной 396 см, тест до 120 г.",19870,Карповые удилища,0.0,120.0
744,Зимняя удочка Jackall Ice 65см 1-5г I-0766,Зимняя удочка Jackall длиной 65 см для блеснения и ловли на мормышку.,730,Зимние удочки,1.0,5.0
745,Воблер Preston 6.5см натуральный L-0767,"Воблер Preston длиной 6.5 см, цвет натуральный. Уловистая приманка для хищной рыбы.",890,Воблеры,,
746,Силикон Graphiteleader 9.0см чёрный L-0768,"Силикон Graphiteleader длиной 9.0 см, цвет чёрный. Уловистая приманка для хищной рыбы.",1460,Приманки,,
747,Блесна Fox 7.0см чёрный L-0769,"Блесна Fox длиной 7.0 см, цвет чёрный. Уловистая приманка для хищной рыбы.",480,Блесны,,
748,Балансир Fox 9.0см золото L-0770,"Балансир Fox длиной 9.0 см, цвет золото. Уловистая приманка для хищной рыбы.",2150,Балансиры,,
749,Мормышка Salmo 4.5см натуральный L-0771,"Мормышка Salmo длиной 4.5 см, цвет натуральный. Уловистая приманка для хищной рыбы.",2330,Мормышки,,
750,Леска/шнур Daiwa 0.25мм 135м N-0772,"Рыболовная леска или шнур Daiwa, диаметр 0.25 мм, длина 135 м.",910,Лески и шнуры,,
751,Крючки Mustad №1 (10 шт) H-0773,"Крючки Mustad номер 1, упаковка 10 шт. Острые и прочные.",460,Крючки,,
752,Поплавок Keitech 2.0г P-0774,Поплавок Keitech грузоподъёмностью 2.0 г для поплавочной ловли.,410,Поплавки,,
753,Кормушка пластиковая 20г B-0775,Кормушка пластиковая весом 20 г для фидерной ловли.,180,Кормушки,,
754,Зимний брюки Graphiteleader 2XL CL-0776,"Зимний брюки Graphiteleader, размер 2XL. Комфорт и защита на рыбалке.",18620,Одежда,,
755,Органайзер Tsurinoya A-0777,Рыболовный аксессуар: органайзер Tsurinoya для удобства и эффективной ловли.,33520,Аксессуары,,
756,Экстрактор Daiwa T-0778,Рыболовный инструмент: экстрактор Daiwa для монтажа и обслуживания снастей.,7920,Инструменты,,
757,Летняя стол Abu Garcia TP-0779,Летняя стол Abu Garcia для комфортного отдыха на рыбалке.,5960,Палатки,,
758,Спиннинг Daiwa Strike 210см 3-18г S-0781,"Спиннинг Daiwa серии Strike длиной 210 см, тест 3-18 г. Подходит для активной ловли хищника.",26520,Спиннинги,3.0,18.0
759,Катушка Lucky John Force 2000 R-0782,Катушка Lucky John Force размера 2000 с плавным ходом и надёжным фрикционом.,3250,Катушки,,
760,Фидер Keitech Feeder 420 100г F-0783,Фидерное удилище Keitech длиной 420 см с тестом до 100 г для дальнего заброса.,16830,Фидеры,0.0,100.0
761,Карповое удилище Stinger Carp 396 150г C-0784,"Карповое удилище Stinger длиной 396 см, тест до 150 г.",10470,Карповые удилища,0.0,150.0
762,Зимняя удочка Kosadaka Ice 45см 4-8г I-0785,Зимняя удочка Kosadaka длиной 45 см для блеснения и ловли на мормышку.,760,Зимние удочки,4.0,8.0
763,Воблер Trabucco 6.5см чёрный L-0786,"Воблер Trabucco длиной 6.5 см, цвет чёрный. Уловистая приманка для хищной рыбы.",1100,Воблеры,,
764,Силикон Abu Garcia 8.0см зелёный L-0787,"Силикон Abu Garcia длиной 8.0 см, цвет зелёный. Уловистая приманка для хищной рыбы.",2390,Приманки,,
765,Блесна Mepps 11.0см красный L-0788,"Блесна Mepps длиной 11.0 см, цвет красный. Уловистая приманка для хищной рыбы.",1320,Блесны,,
766,Балансир Abu Garcia 6.5см зелёный L-0789,"Балансир Abu Garcia длиной 6.5 см, цвет зелёный. Уловистая приманка для хищной рыбы.",1740,Балансиры,,
767,Мормышка Rapala 8.0см зелёный L-0790,"Мормышка Rapala длиной 8.0 см, цвет зелёный. Уловистая приманка для хищной рыбы.",790,Мормышки,,
768,Леска/шнур Mann's 0.2мм 200м N-0791,"Рыболовная леска или шнур Mann's, диаметр 0.2 мм, длина 200 м.",2120,Лески и шнуры,,
769,Крючки Korda №2 (10 шт) H-0792,"Крючки Korda номер 2, упаковка 10 шт. Острые и прочные.",400,Крючки,,
770,Поплавок Ryobi 4.0г P-0793,Поплавок Ryobi грузоподъёмностью 4.0 г для поплавочной ловли.,380,Поплавки,,
771,Кормушка металлическая 15г B-0794,Кормушка металлическая весом 15 г для фидерной ловли.,360,Кормушки,,
772,Демисезонный перчатки Norfin M CL-0795,"Демисезонный перчатки Norfin, размер M. Комфорт и защита на рыбалке.",18660,Одежда,,
773,Стойка Trabucco A-0796,Рыболовный аксессуар: стойка Trabucco для удобства и эффективной ловли.,6970,Аксессуары,,
774,Щипцы Norfin T-0797,Рыболовный инструмент: щипцы Norfin для монтажа и обслуживания снастей.,11050,Инструменты,,
775,Летняя кресло Trabucco TP-0798,Летняя кресло Trabucco для комфортного отдыха на рыбалке.,11670,Палатки,,
776,Спиннинг Pontoon21 Ultra 390см 3-28г S-0800,"Спиннинг Pontoon21 серии Ultra длиной 390 см, тест 3-28 г. Подходит для активной ловли хищника.",3890,Спиннинги,3.0,28.0
777,Катушка Keitech River 2500 R-0801,Катушка Keitech River размера 2500 с плавным ходом и надёжным фрикционом.,22750,Катушки,,
778,Фидер Rapala Feeder 300 120г F-0802,Фидерное удилище Rapala длиной 300 см с тестом до 120 г для дальнего заброса.,9450,Фидеры,0.0,120.0
779,Карповое удилище Tsurinoya Carp 360 100г C-0803,"Карповое удилище Tsurinoya длиной 360 см, тест до 100 г.",9180,Карповые удилища,0.0,100.0
780,Зимняя удочка Jackall Ice 45см 1-5г I-0804,Зимняя удочка Jackall длиной 45 см для блеснения и ловли на мормышку.,1170,Зимние удочки,1.0,5.0
781,Воблер Mann's 8.0см красный L-0805,"Воблер Mann's длиной 8.0 см, цвет красный. Уловистая приманка для хищной рыбы.",2600,Воблеры,,
782,Силикон Abu Garcia 12.0см синий L-0806,"Силикон Abu Garcia длиной 12.0 см, цвет синий. Уловистая приманка для хищной рыбы.",2120,Приманки,,
783,Блесна Mann's 8.0см красный L-0807,"Блесна Mann's длиной 8.0 см, цвет красный. Уловистая приманка для хищной рыбы.",590,Блесны,,
784,Балансир Kosadaka 11.0см зелёный L-0808,"Балансир Kosadaka длиной 11.0 см, цвет зелёный. Уловистая приманка для хищной рыбы.",1910,Балансиры,,
785,Мормышка Gamakatsu 7.0см синий L-0809,"Мормышка Gamakatsu длиной 7.0 см, цвет синий. Уловистая приманка для хищной рыбы.",740,Мормышки,,
786,Леска/шнур Daiwa 0.28мм 200м N-0810,"Рыболовная леска или шнур Daiwa, диаметр 0.28 мм, длина 200 м.",2440,Лески и шнуры,,
787,Крючки Korda №6 (15 шт) H-0811,"Крючки Korda номер 6, упаковка 15 шт. Острые и прочные.",550,Крючки,,
788,Летний сапоги Preston M CL-0812,"Летний сапоги Preston, размер M. Комфорт и защита на рыбалке.",20840,Одежда,,
789,Карман Trabucco A-0813,Рыболовный аксессуар: карман Trabucco для удобства и эффективной ловли.,32440,Аксессуары,,
790,Ножницы Volzhanka T-0814,Рыболовный инструмент: ножницы Volzhanka для монтажа и обслуживания снастей.,2440,Инструменты,,
791,Зимняя стол Salmo TP-0815,Зимняя стол Salmo для комфортного отдыха на рыбалке.,13490,Палатки,,
792,Спиннинг Jackall Master 330см 10-30г S-0817,"Спиннинг Jackall серии Master длиной 330 см, тест 10-30 г. Подходит для активной ловли хищника.",25750,Спиннинги,10.0,30.0
793,Катушка Salmo Prime 2500 R-0818,Катушка Salmo Prime размера 2500 с плавным ходом и надёжным фрикционом.,6960,Катушки,,
794,Фидер Stinger Feeder 360 180г F-0819,Фидерное удилище Stinger длиной 360 см с тестом до 180 г для дальнего заброса.,7170,Фидеры,0.0,180.0
795,Карповое удилище Favorite Carp 360 120г C-0820,"Карповое удилище Favorite длиной 360 см, тест до 120 г.",12260,Карповые удилища,0.0,120.0
796,Зимняя удочка Ryobi Ice 45см 2-10г I-0821,Зимняя удочка Ryobi длиной 45 см для блеснения и ловли на мормышку.,1860,Зимние удочки,2.0,10.0
797,Воблер Mann's 10.0см натуральный L-0822,"Воблер Mann's длиной 10.0 см, цвет натуральный. Уловистая приманка для хищной рыбы.",2540,Воблеры,,
798,Силикон Kosadaka 12.0см чёрный L-0823,"Силикон Kosadaka длиной 12.0 см, цвет чёрный. Уловистая приманка для хищной рыбы.",550,Приманки,,
799,Блесна Owner 9.0см золото L-0824,"Блесна Owner длиной 9.0 см, цвет золото. Уловистая приманка для хищной рыбы.",2240,Блесны,,
800,Балансир Graphiteleader 9.0см натуральный L-0825,"Балансир Graphiteleader длиной 9.0 см, цвет натуральный. Уловистая приманка для хищной рыбы.",1960,Балансиры,,
801,Мормышка Salmo 5.0см зелёный L-0826,"Мормышка Salmo длиной 5.0 см, цвет зелёный. Уловистая приманка для хищной рыбы.",580,Мормышки,,
802,Леска/шнур Jackall 0.21мм 150м N-0827,"Рыболовная леска или шнур Jackall, диаметр 0.21 мм, длина 150 м.",840,Лески и шнуры,,
803,Крючки Kamasan №8 (10 шт) H-0828,"Крючки Kamasan номер 8, упаковка 10 шт. Острые и прочные.",370,Крючки,,
804,Зимний жилет Tsurinoya S CL-0829,"Зимний жилет Tsurinoya, размер S. Комфорт и защита на рыбалке.",17770,Одежда,,
805,Чехол Zemex A-0830,Рыболовный аксессуар: чехол Zemex для удобства и эффективной ловли.,11040,Аксессуары,,
806,Щипцы Maximus T-0831,Рыболовный инструмент: щипцы Maximus для монтажа и обслуживания снастей.,11840,Инструменты,,
807,Всесезонная кресло Browning TP-0832,Всесезонная кресло Browning для комфортного отдыха на рыбалке.,6450,Палатки,,
808,Спиннинг Norfin Elite 270см 10-40г S-0834,"Спиннинг Norfin серии Elite длиной 270 см, тест 10-40 г. Подходит для активной ловли хищника.",11490,Спиннинги,10.0,40.0
809,Катушка Kosadaka Prime 4000 R-0835,Катушка Kosadaka Prime размера 4000 с плавным ходом и надёжным фрикционом.,19280,Катушки,,
810,Фидер Norfin Feeder 420 50г F-0836,Фидерное удилище Norfin длиной 420 см с тестом до 50 г для дальнего заброса.,13200,Фидеры,0.0,50.0
811,Карповое удилище Zemex Carp 360 180г C-0837,"Карповое удилище Zemex длиной 360 см, тест до 180 г.",15560,Карповые удилища,0.0,180.0
812,Зимняя удочка Abu Garcia Ice 45см 1-5г I-0838,Зимняя удочка Abu Garcia длиной 45 см для блеснения и ловли на мормышку.,2000,Зимние удочки,1.0,5.0
813,Воблер Preston 6.5см натуральный L-0839,"Воблер Preston длиной 6.5 см, цвет натуральный. Уловистая приманка для хищной рыбы.",2620,Воблеры,,
814,Силикон Blue Fox 12.0см золото L-0840,"Силикон Blue Fox длиной 12.0 см, цвет золото. Уловистая приманка для хищной рыбы.",400,Приманки,,
815,Блесна Ryobi 11.0см зелёный L-0841,"Блесна Ryobi длиной 11.0 см, цвет зелёный. Уловистая приманка для хищной рыбы.",1520,Блесны,,
816,Балансир Okuma 6.5см натуральный L-0842,"Балансир Okuma длиной 6.5 см, цвет натуральный. Уловистая приманка для хищной рыбы.",1940,Балансиры,,
817,Леска/шнур Owner 0.2мм 100м N-0843,"Рыболовная леска или шнур Owner, диаметр 0.2 мм, длина 100 м.",970,Лески и шнуры,,
818,Крючки Korda №1 (15 шт) H-0844,"Крючки Korda номер 1, упаковка 15 шт. Острые и прочные.",390,Крючки,,
819,Демисезонный брюки Mikado M CL-0845,"Демисезонный брюки Mikado, размер M. Комфорт и защита на рыбалке.",11030,Одежда,,
820,Карман Gamakatsu A-0846,Рыболовный аксессуар: карман Gamakatsu для удобства и эффективной ловли.,22880,Аксессуары,,
821,Летняя спальник Mepps TP-0847,Летняя спальник Mepps для комфортного отдыха на рыбалке.,10240,Палатки,,
822,Спиннинг Lucky John Force 270см 5-15г S-0849,"Спиннинг Lucky John серии Force длиной 270 см, тест 5-15 г. Подходит для активной ловли хищника.",11260,Спиннинги,5.0,15.0
823,Катушка Jackall Light 2000 R-0850,Катушка Jackall Light размера 2000 с плавным ходом и надёжным фрикционом.,4970,Катушки,,
824,Фидер Rapala Feeder 360 120г F-0851,Фидерное удилище Rapala длиной 360 см с тестом до 120 г для дальнего заброса.,17660,Фидеры,0.0,120.0
825,Карповое удилище Blue Fox Carp 360 120г C-0852,"Карповое удилище Blue Fox длиной 360 см, тест до 120 г.",15230,Карповые удилища,0.0,120.0
826,Воблер Gamakatsu 6.5см натуральный L-0853,"Воблер Gamakatsu длиной 6.5 см, цвет натуральный. Уловистая приманка для хищной рыбы.",930,Воблеры,,
827,Силикон Ryobi 11.0см красный L-0854,"Силикон Ryobi длиной 11.0 см, цвет красный. Уловистая приманка для хищной рыбы.",2320,Приманки,,
828,Блесна Owner 10.0см чёрный L-0855,"Блесна Owner длиной 10.0 см, цвет чёрный. Уловистая приманка для хищной рыбы.",650,Блесны,,
829,Балансир Mepps 11.0см красный L-0856,"Балансир Mepps длиной 11.0 см, цвет красный. Уловистая приманка для хищной рыбы.",1270,Балансиры,,
830,Леска/шнур Mikado 0.24мм 100м N-0857,"Рыболовная леска или шнур Mikado, диаметр 0.24 мм, длина 100 м.",530,Лески и шнуры,,
831,Крючки Mustad №1/0 (20 шт) H-0858,"Крючки Mustad номер 1/0, упаковка 20 шт. Острые и прочные.",600,Крючки,,
832,Демисезонный брюки Okuma S CL-0859,"Демисезонный брюки Okuma, размер S. Комфорт и защита на рыбалке.",4310,Одежда,,
833,Ящик Pontoon21 A-0860,Рыболовный аксессуар: ящик Pontoon21 для удобства и эффективной ловли.,17580,Аксессуары,,
834,Летняя стол Mann's TP-0861,Летняя стол Mann's для комфортного отдыха на рыбалке.,2540,Палатки,,
835,Спиннинг Mepps Expert 420см 2-22г S-0863,"Спиннинг Mepps серии Expert длиной 420 см, тест 2-22 г. Подходит для активной ловли хищника.",20630,Спиннинги,2.0,22.0
836,Катушка Trabucco Master 3000 R-0864,Катушка Trabucco Master размера 3000 с плавным ходом и надёжным фрикционом.,18320,Катушки,,
837,Фидер Jackall Feeder 420 80г F-0865,Фидерное удилище Jackall длиной 420 см с тестом до 80 г для дальнего заброса.,17020,Фидеры,0.0,80.0
838,Карповое удилище Favorite Carp 360 100г C-0866,"Карповое удилище Favorite длиной 360 см, тест до 100 г.",17410,Карповые удилища,0.0,100.0
839,Воблер Mann's 8.0см серебро L-0867,"Воблер Mann's длиной 8.0 см, цвет серебро. Уловистая приманка для хищной рыбы.",1780,Воблеры,,
840,Силикон Zemex 6.5см серебро L-0868,"Силикон Zemex длиной 6.5 см, цвет серебро. Уловистая приманка для хищной рыбы.",2360,Приманки,,
841,Блесна Mepps 11.0см чёрный L-0869,"Блесна Mepps длиной 11.0 см, цвет чёрный. Уловистая приманка для хищной рыбы.",460,Блесны,,
842,Балансир Abu Garcia 5.0см золото L-0870,"Балансир Abu Garcia длиной 5.0 см, цвет золото. Уловистая приманка для хищной рыбы.",1640,Балансиры,,
843,Леска/шнур Okuma 0.22мм 135м N-0871,"Рыболовная леска или шнур Okuma, диаметр 0.22 мм, длина 135 м.",2800,Лески и шнуры,,
844,Крючки Kamasan №8 (15 шт) H-0872,"Крючки Kamasan номер 8, упаковка 15 шт. Острые и прочные.",630,Крючки,,
845,Летний куртка Gamakatsu 2XL CL-0873,"Летний куртка Gamakatsu, размер 2XL. Комфорт и защита на рыбалке.",25020,Одежда,,
846,Поводки Owner A-0874,Рыболовный аксессуар: поводки Owner для удобства и эффективной ловли.,22290,Аксессуары,,
847,Спиннинг Tsurinoya Trophy 300см 5-15г S-0876,"Спиннинг Tsurinoya серии Trophy длиной 300 см, тест 5-15 г. Подходит для активной ловли хищника.",14570,Спиннинги,5.0,15.0
848,Катушка Mustad Sport 3000 R-0877,Катушка Mustad Sport размера 3000 с плавным ходом и надёжным фрикционом.,20930,Катушки,,
849,Фидер Owner Feeder 300 150г F-0878,Фидерное удилище Owner длиной 300 см с тестом до 150 г для дальнего заброса.,7850,Фидеры,0.0,150.0
850,Карповое удилище Browning Carp 330 180г C-0879,"Карповое удилище Browning длиной 330 см, тест до 180 г.",20240,Карповые удилища,0.0,180.0
851,Воблер Maximus 11.0см золото L-0880,"Воблер Maximus длиной 11.0 см, цвет золото. Уловистая приманка для хищной рыбы.",1840,Воблеры,,
852,Силикон Zemex 6.5см чёрный L-0881,"Силикон Zemex длиной 6.5 см, цвет чёрный. Уловистая приманка для хищной рыбы.",2620,Приманки,,
853,Блесна Favorite 6.5см чёрный L-0882,"Блесна Favorite длиной 6.5 см, цвет чёрный. Уловистая приманка для хищной рыбы.",2090,Блесны,,
854,Балансир Gamakatsu 9.0см синий L-0883,"Балансир Gamakatsu длиной 9.0 см, цвет синий. Уловистая приманка для хищной рыбы.",1970,Балансиры,,
855,Леска/шнур Mikado 0.19мм 200м N-0884,"Рыболовная леска или шнур Mikado, диаметр 0.19 мм, длина 200 м.",580,Лески и шнуры,,
856,Крючки Gamakatsu №10 (20 шт) H-0885,"Крючки Gamakatsu номер 10, упаковка 20 шт. Острые и прочные.",320,Крючки,,
857,Летний шапка Okuma L CL-0886,"Летний шапка Okuma, размер L. Комфорт и защита на рыбалке.",6460,Одежда,,
858,Зажим Megabass A-0887,Рыболовный аксессуар: зажим Megabass для удобства и эффективной ловли.,22680,Аксессуары,,
859,Спиннинг Keitech Elite 390см 2-17г S-0889,"Спиннинг Keitech серии Elite длиной 390 см, тест 2-17 г. Подходит для активной ловли хищника.",11640,Спиннинги,2.0,17.0
860,Катушка Owner Light 2500 R-0890,Катушка Owner Light размера 2500 с плавным ходом и надёжным фрикционом.,27070,Катушки,,
861,Фидер Trabucco Feeder 330 150г F-0891,Фидерное удилище Trabucco длиной 330 см с тестом до 150 г для дальнего заброса.,8690,Фидеры,0.0,150.0
862,Карповое удилище Okuma Carp 390 180г C-0892,"Карповое удилище Okuma длиной 390 см, тест до 180 г.",13460,Карповые удилища,0.0,180.0
863,Воблер Trabucco 4.5см серебро L-0893,"Воблер Trabucco длиной 4.5 см, цвет серебро. Уловистая приманка для хищной рыбы.",2500,Воблеры,,
864,Силикон Berkley 9.0см натуральный L-0894,"Силикон Berkley длиной 9.0 см, цвет натуральный. Уловистая приманка для хищной рыбы.",1690,Приманки,,
865,Блесна Zemex 7.0см чёрный L-0895,"Блесна Zemex длиной 7.0 см, цвет чёрный. Уловистая приманка для хищной рыбы.",1460,Блесны,,
866,Леска/шнур Norfin 0.17мм 200м N-0896,"Рыболовная леска или шнур Norfin, диаметр 0.17 мм, длина 200 м.",3010,Лески и шнуры,,
867,Крючки Mustad №1/0 (10 шт) H-0897,"Крючки Mustad номер 1/0, упаковка 10 шт. Острые и прочные.",250,Крючки,,
868,Демисезонный шапка Maver L CL-0898,"Демисезонный шапка Maver, размер L. Комфорт и защита на рыбалке.",5290,Одежда,,
869,Поводки Lucky John A-0899,Рыболовный аксессуар: поводки Lucky John для удобства и эффективной ловли.,15930,Аксессуары,,
870,Спиннинг Fox Expert 420см 2-17г S-0901,"Спиннинг Fox серии Expert длиной 420 см, тест 2-17 г. Подходит для активной ловли хищника.",4220,Спиннинги,2.0,17.0
871,Катушка Lucky John River 2500 R-0902,Катушка Lucky John River размера 2500 с плавным ходом и надёжным фрикционом.,25310,Катушки,,
872,Фидер Okuma Feeder 300 50г F-0903,Фидерное удилище Okuma длиной 300 см с тестом до 50 г для дальнего заброса.,3580,Фидеры,0.0,50.0
873,Карповое удилище Maximus Carp 396 150г C-0904,"Карповое удилище Maximus длиной 396 см, тест до 150 г.",20140,Карповые удилища,0.0,150.0
874,Воблер Volzhanka 7.0см зелёный L-0905,"Воблер Volzhanka длиной 7.0 см, цвет зелёный. Уловистая приманка для хищной рыбы.",1450,Воблеры,,
875,Силикон Rapala 4.5см золото L-0906,"Силикон Rapala длиной 4.5 см, цвет золото. Уловистая приманка для хищной рыбы.",2630,Приманки,,
876,Блесна Browning 11.0см золото L-0907,"Блесна Browning длиной 11.0 см, цвет золото. Уловистая приманка для хищной рыбы.",430,Блесны,,
877,Леска/шнур Stinger 0.19мм 135м N-0908,"Рыболовная леска или шнур Stinger, диаметр 0.19 мм, длина 135 м.",470,Лески и шнуры,,
878,Крючки Korda №1/0 (10 шт) H-0909,"Крючки Korda номер 1/0, упаковка 10 шт. Острые и прочные.",630,Крючки,,
879,Зимний костюм Trabucco L CL-0910,"Зимний костюм Trabucco, размер L. Комфорт и защита на рыбалке.",19400,Одежда,,
880,Стойка Lucky John A-0911,Рыболовный аксессуар: стойка Lucky John для удобства и эффективной ловли.,18900,Аксессуары,,
881,Спиннинг Megabass Trophy 240см 15-45г S-0913,"Спиннинг Megabass серии Trophy длиной 240 см, тест 15-45 г. Подходит для активной ловли хищника.",17840,Спиннинги,15.0,45.0
882,Катушка Maver Power 6000 R-0914,Катушка Maver Power размера 6000 с плавным ходом и надёжным фрикционом.,5490,Катушки,,
883,Фидер Mustad Feeder 330 150г F-0915,Фидерное удилище Mustad длиной 330 см с тестом до 150 г для дальнего заброса.,14120,Фидеры,0.0,150.0
884,Карповое удилище Preston Carp 360 100г C-0916,"Карповое удилище Preston длиной 360 см, тест до 100 г.",15550,Карповые удилища,0.0,100.0
885,Воблер Trabucco 12.0см золото L-0917,"Воблер Trabucco длиной 12.0 см, цвет золото. Уловистая приманка для хищной рыбы.",1070,Воблеры,,
886,Силикон Stinger 12.0см натуральный L-0918,"Силикон Stinger длиной 12.0 см, цвет натуральный. Уловистая приманка для хищной рыбы.",1940,Приманки,,
887,Блесна Pontoon21 11.0см зелёный L-0919,"Блесна Pontoon21 длиной 11.0 см, цвет зелёный. Уловистая приманка для хищной рыбы.",640,Блесны,,
888,Леска/шнур Mepps 0.26мм 135м N-0920,"Рыболовная леска или шнур Mepps, диаметр 0.26 мм, длина 135 м.",900,Лески и шнуры,,
889,Зимний брюки Okuma S CL-0921,"Зимний брюки Okuma, размер S. Комфорт и защита на рыбалке.",9340,Одежда,,
890,Сумка Berkley A-0922,Рыболовный аксессуар: сумка Berkley для удобства и эффективной ловли.,29530,Аксессуары,,
891,Спиннинг Maver Force 300см 7-37г S-0924,"Спиннинг Maver серии Force длиной 300 см, тест 7-37 г. Подходит для активной ловли хищника.",2870,Спиннинги,7.0,37.0
892,Катушка Preston Strike 5000 R-0925,Катушка Preston Strike размера 5000 с плавным ходом и надёжным фрикционом.,9540,Катушки,,
893,Фидер Rapala Feeder 300 150г F-0926,Фидерное удилище Rapala длиной 300 см с тестом до 150 г для дальнего заброса.,8530,Фидеры,0.0,150.0
894,Карповое удилище Maximus Carp 396 180г C-0927,"Карповое удилище Maximus длиной 396 см, тест до 180 г.",14690,Карповые удилища,0.0,180.0
895,Воблер Favorite 7.0см зелёный L-0928,"Воблер Favorite длиной 7.0 см, цвет зелёный. Уловистая приманка для хищной рыбы.",2800,Воблеры,,
896,Силикон Browning 6.5см синий L-0929,"Силикон Browning длиной 6.5 см, цвет синий. Уловистая приманка для хищной рыбы.",2240,Приманки,,
897,Блесна Zemex 10.0см золото L-0930,"Блесна Zemex длиной 10.0 см, цвет золото. Уловистая приманка для хищной рыбы.",2760,Блесны,,
898,Леска/шнур Mann's 0.19мм 200м N-0931,"Рыболовная леска или шнур Mann's, диаметр 0.19 мм, длина 200 м.",2520,Лески и шнуры,,
899,Зимний жилет Mikado 3XL CL-0932,"Зимний жилет Mikado, размер 3XL. Комфорт и защита на рыбалке.",25520,Одежда,,
900,Зажим Norfin A-0933,Рыболовный аксессуар: зажим Norfin для удобства и эффективной ловли.,29530,Аксессуары,,
901,Спиннинг Graphiteleader Strike 210см 7-17г S-0935,"Спиннинг Graphiteleader серии Strike длиной 210 см, тест 7-17 г. Подходит для активной ловли хищника.",4520,Спиннинги,7.0,17.0
902,Катушка Tsurinoya Power 4000 R-0936,Катушка Tsurinoya Power размера 4000 с плавным ходом и надёжным фрикционом.,19380,Катушки,,
903,Фидер Zemex Feeder 330 100г F-0937,Фидерное удилище Zemex длиной 330 см с тестом до 100 г для дальнего заброса.,17500,Фидеры,0.0,100.0
904,Карповое удилище Graphiteleader Carp 396 100г C-0938,"Карповое удилище Graphiteleader длиной 396 см, тест до 100 г.",11230,Карповые удилища,0.0,100.0
905,Воблер Ryobi 4.5см серебро L-0939,"Воблер Ryobi длиной 4.5 см, цвет серебро. Уловистая приманка для хищной рыбы.",2100,Воблеры,,
906,Силикон Rapala 10.0см синий L-0940,"Силикон Rapala длиной 10.0 см, цвет синий. Уловистая приманка для хищной рыбы.",2380,Приманки,,
907,Блесна Blue Fox 10.0см серебро L-0941,"Блесна Blue Fox длиной 10.0 см, цвет серебро. Уловистая приманка для хищной рыбы.",520,Блесны,,
908,Леска/шнур Megabass 0.26мм 150м N-0942,"Рыболовная леска или шнур Megabass, диаметр 0.26 мм, длина 150 м.",410,Лески и шнуры,,
909,Зимний брюки Mepps 3XL CL-0943,"Зимний брюки Mepps, размер 3XL. Комфорт и защита на рыбалке.",7930,Одежда,,
910,Подсак Salmo A-0944,Рыболовный аксессуар: подсак Salmo для удобства и эффективной ловли.,28020,Аксессуары,,
911,Спиннинг Keitech Master 420см 1-11г S-0946,"Спиннинг Keitech серии Master длиной 420 см, тест 1-11 г. Подходит для активной ловли хищника.",17970,Спиннинги,1.0,11.0
912,Катушка Abu Garcia Prime 3000 R-0947,Катушка Abu Garcia Prime размера 3000 с плавным ходом и надёжным фрикционом.,7700,Катушки,,
913,Фидер Kosadaka Feeder 390 100г F-0948,Фидерное удилище Kosadaka длиной 390 см с тестом до 100 г для дальнего заброса.,9770,Фидеры,0.0,100.0
914,Карповое удилище Jackall Carp 396 150г C-0949,"Карповое удилище Jackall длиной 396 см, тест до 150 г.",7130,Карповые удилища,0.0,150.0
915,Воблер Kosadaka 8.0см чёрный L-0950,"Воблер Kosadaka длиной 8.0 см, цвет чёрный. Уловистая приманка для хищной рыбы.",1010,Воблеры,,
916,Силикон Mepps 11.0см синий L-0951,"Силикон Mepps длиной 11.0 см, цвет синий. Уловистая приманка для хищной рыбы.",1190,Приманки,,
917,Блесна Shimano 3.5см зелёный L-0952,"Блесна Shimano длиной 3.5 см, цвет зелёный. Уловистая приманка для хищной рыбы.",2180,Блесны,,
918,Леска/шнур Pontoon21 0.22мм 135м N-0953,"Рыболовная леска или шнур Pontoon21, диаметр 0.22 мм, длина 135 м.",1330,Лески и шнуры,,
919,Зимний брюки Megabass L CL-0954,"Зимний брюки Megabass, размер L. Комфорт и защита на рыбалке.",6970,Одежда,,
920,Подсак Favorite A-0955,Рыболовный аксессуар: подсак Favorite для удобства и эффективной ловли.,27720,Аксессуары,,
921,Спиннинг Daiwa Light 270см 1-11г S-0957,"Спиннинг Daiwa серии Light длиной 270 см, тест 1-11 г. Подходит для активной ловли хищника.",21960,Спиннинги,1.0,11.0
922,Катушка Abu Garcia Lake 4000 R-0958,Катушка Abu Garcia Lake размера 4000 с плавным ходом и надёжным фрикционом.,23820,Катушки,,
923,Фидер Rapala Feeder 330 30г F-0959,Фидерное удилище Rapala длиной 330 см с тестом до 30 г для дальнего заброса.,10090,Фидеры,0.0,30.0
924,Воблер Jackall 6.5см серебро L-0960,"Воблер Jackall длиной 6.5 см, цвет серебро. Уловистая приманка для хищной рыбы.",1170,Воблеры,,
925,Силикон Rapala 5.0см серебро L-0961,"Силикон Rapala длиной 5.0 см, цвет серебро. Уловистая приманка для хищной рыбы.",1460,Приманки,,
926,Блесна Browning 12.0см зелёный L-0962,"Блесна Browning длиной 12.0 см, цвет зелёный. Уловистая приманка для хищной рыбы.",2640,Блесны,,
927,Леска/шнур Gamakatsu 0.14мм 135м N-0963,"Рыболовная леска или шнур Gamakatsu, диаметр 0.14 мм, длина 135 м.",3020,Лески и шнуры,,
928,Летний куртка Graphiteleader L CL-0964,"Летний куртка Graphiteleader, размер L. Комфорт и защита на рыбалке.",9810,Одежда,,
929,Зажим Rapala A-0965,Рыболовный аксессуар: зажим Rapala для удобства и эффективной ловли.,11730,Аксессуары,,
930,Спиннинг Pontoon21 Trophy 180см 3-28г S-0967,"Спиннинг Pontoon21 серии Trophy длиной 180 см, тест 3-28 г. Подходит для активной ловли хищника.",28250,Спиннинги,3.0,28.0
931,Катушка Graphiteleader Force 5000 R-0968,Катушка Graphiteleader Force размера 5000 с плавным ходом и надёжным фрикционом.,15440,Катушки,,
932,Фидер Blue Fox Feeder 330 80г F-0969,Фидерное удилище Blue Fox длиной 330 см с тестом до 80 г для дальнего заброса.,9670,Фидеры,0.0,80.0
933,Воблер Stinger 11.0см красный L-0970,"Воблер Stinger длиной 11.0 см, цвет красный. Уловистая приманка для хищной рыбы.",1270,Воблеры,,
934,Силикон Browning 7.0см натуральный L-0971,"Силикон Browning длиной 7.0 см, цвет натуральный. Уловистая приманка для хищной рыбы.",870,Приманки,,
935,Блесна Megabass 3.5см серебро L-0972,"Блесна Megabass длиной 3.5 см, цвет серебро. Уловистая приманка для хищной рыбы.",1970,Блесны,,
936,Демисезонный шапка Blue Fox M CL-0973,"Демисезонный шапка Blue Fox, размер M. Комфорт и защита на рыбалке.",13520,Одежда,,
937,Чехол Fox A-0974,Рыболовный аксессуар: чехол Fox для удобства и эффективной ловли.,13580,Аксессуары,,
938,Спиннинг Mustad Master 390см 15-35г S-0976,"Спиннинг Mustad серии Master длиной 390 см, тест 15-35 г. Подходит для активной ловли хищника.",5530,Спиннинги,15.0,35.0
939,Катушка Volzhanka Expert 2500 R-0977,Катушка Volzhanka Expert размера 2500 с плавным ходом и надёжным фрикционом.,14160,Катушки,,
940,Фидер Abu Garcia Feeder 300 60г F-0978,Фидерное удилище Abu Garcia длиной 300 см с тестом до 60 г для дальнего заброса.,16680,Фидеры,0.0,60.0
941,Воблер Mikado 10.0см синий L-0979,"Воблер Mikado длиной 10.0 см, цвет синий. Уловистая приманка для хищной рыбы.",1640,Воблеры,,
942,Силикон Owner 3.5см синий L-0980,"Силикон Owner длиной 3.5 см, цвет синий. Уловистая приманка для хищной рыбы.",1060,Приманки,,
943,Блесна Favorite 10.0см синий L-0981,"Блесна Favorite длиной 10.0 см, цвет синий. Уловистая приманка для хищной рыбы.",2760,Блесны,,
944,Зимний перчатки Mikado 2XL CL-0982,"Зимний перчатки Mikado, размер 2XL. Комфорт и защита на рыбалке.",11330,Одежда,,
945,Сигнализатор Trabucco A-0983,Рыболовный аксессуар: сигнализатор Trabucco для удобства и эффективной ловли.,30810,Аксессуары,,
946,Спиннинг Keitech Prime 300см 3-33г S-0985,"Спиннинг Keitech серии Prime длиной 300 см, тест 3-33 г. Подходит для активной ловли хищника.",31430,Спиннинги,3.0,33.0
947,Катушка Ryobi Lake 1000 R-0986,Катушка Ryobi Lake размера 1000 с плавным ходом и надёжным фрикционом.,25470,Катушки,,
948,Воблер Okuma 8.0см синий L-0987,"Воблер Okuma длиной 8.0 см, цвет синий. Уловистая приманка для хищной рыбы.",1800,Воблеры,,
949,Силикон Gamakatsu 9.0см чёрный L-0988,"Силикон Gamakatsu длиной 9.0 см, цвет чёрный. Уловистая приманка для хищной рыбы.",2580,Приманки,,
950,Блесна Browning 5.0см чёрный L-0989,"Блесна Browning длиной 5.0 см, цвет чёрный. Уловистая приманка для хищной рыбы.",1350,Блесны,,
951,Зимний брюки Blue Fox M CL-0990,"Зимний брюки Blue Fox, размер M. Комфорт и защита на рыбалке.",11600,Одежда,,
952,Сигнализатор Browning A-0991,Рыболовный аксессуар: сигнализатор Browning для удобства и эффективной ловли.,37590,Аксессуары,,
953,Спиннинг Fox Trophy 420см 10-30г S-0993,"Спиннинг Fox серии Trophy длиной 420 см, тест 10-30 г. Подходит для активной ловли хищника.",10930,Спиннинги,10.0,30.0
954,Катушка Ryobi Trophy 3000 R-0994,Катушка Ryobi Trophy размера 3000 с плавным ходом и надёжным фрикционом.,7310,Катушки,,
955,Воблер Keitech 5.0см синий L-0995,"Воблер Keitech длиной 5.0 см, цвет синий. Уловистая приманка для хищной рыбы.",2520,Воблеры,,
956,Силикон Ryobi 5.0см серебро L-0996,"Силикон Ryobi длиной 5.0 см, цвет серебро. Уловистая приманка для хищной рыбы.",520,Приманки,,
957,Зимний костюм Graphiteleader 3XL CL-0997,"Зимний костюм Graphiteleader, размер 3XL. Комфорт и защита на рыбалке.",2380,Одежда,,
958,Сигнализатор Shimano A-0998,Рыболовный аксессуар: сигнализатор Shimano для удобства и эффективной ловли.,9260,Аксессуары,,
959,Спиннинг Browning Master 240см 1-16г S-1000,"Спиннинг Browning серии Master длиной 240 см, тест 1-16 г. Подходит для активной ловли хищника.",19070,Спиннинги,1.0,16.0
960,Катушка Megabass Strike 1000 R-1001,Катушка Megabass Strike размера 1000 с плавным ходом и надёжным фрикционом.,22040,Катушки,,
961,Воблер Okuma 10.0см чёрный L-1002,"Воблер Okuma длиной 10.0 см, цвет чёрный. Уловистая приманка для хищной рыбы.",310,Воблеры,,
962,Силикон Blue Fox 3.5см чёрный L-1003,"Силикон Blue Fox длиной 3.5 см, цвет чёрный. Уловистая приманка для хищной рыбы.",2450,Приманки,,
963,Зажим Maver A-1004,Рыболовный аксессуар: зажим Maver для удобства и эффективной ловли.,19040,Аксессуары,,
964,Спиннинг Daiwa River 240см 1-11г S-1006,"Спиннинг Daiwa серии River длиной 240 см, тест 1-11 г. Подходит для активной ловли хищника.",19680,Спиннинги,1.0,11.0
965,Катушка Zemex Light 2000 R-1007,Катушка Zemex Light размера 2000 с плавным ходом и надёжным фрикционом.,22110,Катушки,,
966,Воблер Graphiteleader 7.0см натуральный L-1008,"Воблер Graphiteleader длиной 7.0 см, цвет натуральный. Уловистая приманка для хищной рыбы.",1730,Воблеры,,
967,Силикон Maver 9.0см чёрный L-1009,"Силикон Maver длиной 9.0 см, цвет чёрный. Уловистая приманка для хищной рыбы.",1810,Приманки,,
968,Багорик Mepps A-1010,Рыболовный аксессуар: багорик Mepps для удобства и эффективной ловли.,37280,Аксессуары,,
969,Спиннинг Fox Light 300см 10-20г S-1012,"Спиннинг Fox серии Light длиной 300 см, тест 10-20 г. Подходит для активной ловли хищника.",23920,Спиннинги,10.0,20.0
970,Катушка Abu Garcia Master 3000 R-1013,Катушка Abu Garcia Master размера 3000 с плавным ходом и надёжным фрикционом.,14230,Катушки,,
971,Воблер Berkley 11.0см красный L-1014,"Воблер Berkley длиной 11.0 см, цвет красный. Уловистая приманка для хищной рыбы.",510,Воблеры,,
972,Силикон Shimano 5.0см чёрный L-1015,"Силикон Shimano длиной 5.0 см, цвет чёрный. Уловистая приманка для хищной рыбы.",2330,Приманки,,
973,Грузила Pontoon21 A-1016,Рыболовный аксессуар: грузила Pontoon21 для удобства и эффективной ловли.,21960,Аксессуары,,
974,Спиннинг Lucky John Expert 270см 2-32г S-1018,"Спиннинг Lucky John серии Expert длиной 270 см, тест 2-32 г. Подходит для активной ловли хищника.",18080,Спиннинги,2.0,32.0
975,Катушка Maver Expert 1000 R-1019,Катушка Maver Expert размера 1000 с плавным ходом и надёжным фрикционом.,24230,Катушки,,
976,Воблер Maver 11.0см серебро L-1020,"Воблер Maver длиной 11.0 см, цвет серебро. Уловистая приманка для хищной рыбы.",410,Воблеры,,
977,Силикон Stinger 8.0см чёрный L-1021,"Силикон Stinger длиной 8.0 см, цвет чёрный. Уловистая приманка для хищной рыбы.",1130,Приманки,,
978,Органайзер Zemex A-1022,Рыболовный аксессуар: органайзер Zemex для удобства и эффективной ловли.,26350,Аксессуары,,
979,Спиннинг Salmo Prime 240см 7-22г S-1024,"Спиннинг Salmo серии Prime длиной 240 см, тест 7-22 г. Подходит для активной ловли хищника.",21070,Спиннинги,7.0,22.0
980,Катушка Berkley Force 3000 R-1025,Катушка Berkley Force размера 3000 с плавным ходом и надёжным фрикционом.,26560,Катушки,,
981,Воблер Kosadaka 4.5см серебро L-1026,"Воблер Kosadaka длиной 4.5 см, цвет серебро. Уловистая приманка для хищной рыбы.",1700,Воблеры,,
982,Силикон Rapala 4.5см красный L-1027,"Силикон Rapala длиной 4.5 см, цвет красный. Уловистая приманка для хищной рыбы.",1230,Приманки,,
983,Стойка Salmo A-1028,Рыболовный аксессуар: стойка Salmo для удобства и эффективной ловли.,26250,Аксессуары,,
984,Спиннинг Gamakatsu Pro 300см 15-40г S-1030,"Спиннинг Gamakatsu серии Pro длиной 300 см, тест 15-40 г. Подходит для активной ловли хищника.",18580,Спиннинги,15.0,40.0
985,Катушка Browning Strike 4000 R-1031,Катушка Browning Strike размера 4000 с плавным ходом и надёжным фрикционом.,14100,Катушки,,
986,Воблер Pontoon21 5.0см золото L-1032,"Воблер Pontoon21 длиной 5.0 см, цвет золото. Уловистая приманка для хищной рыбы.",2680,Воблеры,,
987,Силикон Berkley 4.5см натуральный L-1033,"Силикон Berkley длиной 4.5 см, цвет натуральный. Уловистая приманка для хищной рыбы.",1490,Приманки,,
988,Карман Fox A-1034,Рыболовный аксессуар: карман Fox для удобства и эффективной ловли.,5070,Аксессуары,,
989,Спиннинг Norfin Elite 240см 5-20г S-1036,"Спиннинг Norfin серии Elite длиной 240 см, тест 5-20 г. Подходит для активной ловли хищника.",26740,Спиннинги,5.0,20.0
990,Катушка Berkley Force 2500 R-1037,Катушка Berkley Force размера 2500 с плавным ходом и надёжным фрикционом.,5290,Катушки,,
991,Воблер Norfin 3.5см зелёный L-1038,"Воблер Norfin длиной 3.5 см, цвет зелёный. Уловистая приманка для хищной рыбы.",2100,Воблеры,,
992,Силикон Mann's 7.0см чёрный L-1039,"Силикон Mann's длиной 7.0 см, цвет чёрный. Уловистая приманка для хищной рыбы.",820,Приманки,,
993,Ящик Norfin A-1040,Рыболовный аксессуар: ящик Norfin для удобства и эффективной ловли.,28490,Аксессуары,,
994,Спиннинг Jackall River 210см 1-11г S-1042,"Спиннинг Jackall серии River длиной 210 см, тест 1-11 г. Подходит для активной ловли хищника.",14100,Спиннинги,1.0,11.0
995,Катушка Norfin Force 6000 R-1043,Катушка Norfin Force размера 6000 с плавным ходом и надёжным фрикционом.,14420,Катушки,,
996,Воблер Shimano 7.0см красный L-1044,"Воблер Shimano длиной 7.0 см, цвет красный. Уловистая приманка для хищной рыбы.",1870,Воблеры,,
997,Силикон Norfin 11.0см синий L-1045,"Силикон Norfin длиной 11.0 см, цвет синий. Уловистая приманка для хищной рыбы.",2620,Приманки,,
998,Ящик Graphiteleader A-1046,Рыболовный аксессуар: ящик Graphiteleader для удобства и эффективной ловли.,25200,Аксессуары,,
999,Спиннинг Maximus Classic 300см 3-23г S-1048,"Спиннинг Maximus серии Classic длиной 300 см, тест 3-23 г. Подходит для активной ловли хищника.",18660,Спиннинги,3.0,23.0
1000,Катушка Zemex Master 2000 R-1049,Катушка Zemex Master размера 2000 с плавным ходом и надёжным фрикционом.,16040,Катушки,,
